year,rank,country,life_eval,gdp_per_capita,social_support,healthy_life_expectancy,freedom,generosity,corruption,dystopia_residual
2025,1,Finland,7.764,1.915,1.638,0.939,1.105,0.093,0.491,1.582
2025,2,Iceland,7.54,1.971,1.72,0.996,1.105,0.187,0.187,1.373
2025,3,Denmark,7.539,1.986,1.633,0.93,1.081,0.125,0.474,1.31
2025,4,Costa Rica,7.439,1.697,1.483,0.739,1.101,0.059,0.122,2.236
2025,5,Sweden,7.255,1.95,1.57,1.027,1.07,0.149,0.447,1.041
2025,6,Norway,7.242,2.057,1.626,0.983,1.092,0.157,0.413,0.913
2025,7,Netherlands,7.223,1.983,1.539,0.922,1.0,0.175,0.349,1.255
2025,8,Israel,7.187,1.867,1.606,0.925,0.863,0.139,0.196,1.592
2025,9,Luxembourg,7.063,2.162,1.465,0.981,1.056,0.111,0.382,0.907
2025,10,Switzerland,7.018,2.028,1.534,1.017,1.035,0.148,0.452,0.804
2025,11,New Zealand,6.995,1.876,1.58,0.924,1.034,0.155,0.422,1.003
2025,12,Mexico,6.972,1.636,1.366,0.631,1.015,0.056,0.128,2.141
2025,13,Ireland,6.928,2.146,1.558,0.936,1.032,0.172,0.364,0.72
2025,14,Belgium,6.926,1.951,1.52,0.988,0.99,0.107,0.296,1.074
2025,15,Australia,6.916,1.937,1.497,0.956,0.989,0.159,0.294,1.085
2025,16,Kosovo,6.91,1.535,1.293,0.907,1.045,0.186,0.082,1.86
2025,17,Germany,6.882,1.948,1.49,0.876,0.948,0.145,0.349,1.128
2025,18,Slovenia,6.868,1.872,1.594,0.913,1.097,0.108,0.108,1.177
2025,19,Austria,6.845,1.954,1.474,0.926,0.979,0.171,0.285,1.057
2025,20,Czechia,6.821,1.869,1.594,0.72,1.045,0.106,0.081,1.405
2025,21,United Arab Emirates,6.821,1.98,1.096,0.71,1.071,0.149,0.228,1.587
2025,22,Saudi Arabia,6.817,1.949,1.412,0.831,1.042,0.096,0.196,1.291
2025,23,United States,6.816,2.002,1.516,0.678,0.776,0.155,0.155,1.534
2025,24,Poland,6.768,1.851,1.479,0.693,0.945,0.023,0.177,1.6
2025,25,Canada,6.741,1.917,1.525,0.955,0.948,0.153,0.321,0.923
2025,26,Taiwan Province of China,6.714,1.959,1.446,0.933,0.879,0.107,0.179,1.211
2025,27,Belize,6.711,1.471,1.42,0.609,1.146,0.07,0.08,1.913
2025,28,Lithuania,6.704,1.863,1.555,0.653,0.891,0.049,0.113,1.579
2025,29,United Kingdom,6.694,1.896,1.458,0.888,0.962,0.191,0.291,1.008
2025,30,Serbia,6.691,1.696,1.543,0.58,0.913,0.124,0.096,1.74
2025,31,Uruguay,6.635,1.748,1.54,0.525,1.054,0.07,0.194,1.505
2025,32,Brazil,6.634,1.602,1.396,0.508,0.964,0.081,0.122,1.96
2025,33,Kazakhstan,6.633,1.782,1.599,0.552,0.982,0.117,0.104,1.496
2025,34,Romania,6.629,1.818,1.233,0.608,0.965,0.03,0.034,1.941
2025,35,France,6.586,1.907,1.435,0.95,0.83,0.09,0.24,1.133
2025,36,Singapore,6.585,2.167,1.471,1.059,0.98,0.145,0.512,0.252
2025,37,El Salvador,6.578,1.448,1.086,0.633,1.089,0.047,0.289,1.987
2025,38,Italy,6.574,1.899,1.405,0.975,0.746,0.075,0.067,1.407
2025,39,Panama,6.547,1.787,1.479,0.818,0.975,0.039,0.042,1.407
2025,40,Kuwait,6.543,1.862,1.316,0.88,1.031,0.11,0.167,1.177
2025,41,Spain,6.54,1.871,1.552,1.036,0.857,0.112,0.167,0.946
2025,42,Guatemala,6.533,1.472,1.175,0.38,1.034,0.076,0.094,2.304
2025,43,Malta,6.436,1.942,1.532,0.948,0.977,0.183,0.12,0.735
2025,44,Argentina,6.43,1.7,1.517,0.621,0.97,0.052,0.076,1.493
2025,45,Viet Nam,6.428,1.51,1.375,0.698,1.147,0.039,0.207,1.453
2025,46,Estonia,6.41,1.824,1.604,0.692,0.99,0.105,0.353,0.842
2025,47,Bosnia and Herzegovina,6.381,1.616,1.425,0.678,0.874,0.152,0.024,1.612
2025,48,Latvia,6.365,1.797,1.61,0.512,0.94,0.103,0.097,1.305
2025,49,Jamaica,6.305,1.445,1.554,0.371,0.966,0.059,0.082,1.827
2025,50,Chile,6.302,1.73,1.427,0.792,0.926,0.087,0.087,1.254
2025,51,Nicaragua,6.301,1.32,1.349,0.74,1.03,0.097,0.278,1.487
2025,52,Thailand,6.296,1.632,1.424,0.694,1.087,0.195,0.029,1.234
2025,53,Uzbekistan,6.283,1.415,1.527,0.771,1.085,0.173,0.196,1.116
2025,54,Slovakia,6.255,1.815,1.63,0.564,0.847,0.056,0.065,1.278
2025,55,Bahrain,6.254,1.93,1.293,0.693,1.055,0.143,0.171,0.969
2025,56,Philippines,6.206,1.413,1.285,0.286,1.085,0.088,0.095,1.953
2025,57,Paraguay,6.198,1.547,1.529,0.209,1.039,0.097,0.058,1.719
2025,58,Oman,6.197,1.789,1.286,0.58,1.057,0.132,0.188,1.164
2025,59,Ecuador,6.144,1.505,1.168,0.835,0.86,0.058,0.085,1.634
2025,60,Montenegro,6.139,1.709,1.485,0.68,0.935,0.073,0.142,1.115
2025,61,Japan,6.13,1.858,1.414,1.041,0.875,0.019,0.202,0.722
2025,62,Cyprus,6.126,1.892,1.215,0.953,0.794,0.086,0.07,1.116
2025,63,Honduras,6.096,1.277,1.083,0.466,0.999,0.122,0.081,2.067
2025,64,Dominican Republic,6.093,1.664,1.406,0.702,1.015,0.061,0.188,1.057
2025,65,China,6.074,1.662,0.963,0.905,0.793,0.089,0.161,1.502
2025,66,Kyrgyzstan,6.049,1.296,1.565,0.759,1.108,0.142,0.102,1.077
2025,67,Republic of Korea,6.04,1.906,1.23,1.028,0.825,0.089,0.149,0.812
2025,68,Colombia,6.04,1.586,1.374,0.63,0.915,0.042,0.051,1.441
2025,69,Portugal,6.029,1.83,1.461,0.944,1.005,0.035,0.031,0.724
2025,70,Croatia,6.009,1.834,1.562,0.737,0.675,0.022,0.095,1.084
2025,71,Malaysia,6.005,1.766,1.17,0.413,1.109,0.161,0.112,1.275
2025,72,Peru,5.974,1.535,1.24,0.605,0.849,0.055,0.01,1.68
2025,73,Mauritius,5.939,1.707,1.384,0.704,0.926,0.092,0.127,0.999
2025,74,Hungary,5.937,1.819,1.625,0.633,0.785,0.103,0.056,0.916
2025,75,Mongolia,5.936,1.558,1.615,0.421,0.752,0.162,0.051,1.376
2025,76,Trinidad and Tobago,5.905,1.748,1.413,0.49,0.884,0.109,0.0,1.262
2025,77,Republic of Moldova,5.851,1.55,1.277,0.409,0.981,0.053,0.037,1.544
2025,78,Bolivia,5.835,1.442,1.2,0.36,0.909,0.059,0.038,1.827
2025,79,Russian Federation,5.834,1.821,1.331,0.505,0.809,0.112,0.133,1.122
2025,80,Venezuela,5.756,0.0,1.335,0.561,0.846,0.18,0.133,2.701
2025,81,Libya,5.731,1.48,1.136,0.619,0.865,0.099,0.245,1.286
2025,82,North Macedonia,5.719,1.665,1.448,0.581,0.74,0.124,0.013,1.149
2025,83,Algeria,5.714,1.535,1.275,0.964,0.933,0.057,0.113,0.837
2025,84,Bulgaria,5.703,1.768,1.587,0.47,0.881,0.059,0.003,0.935
2025,85,Greece,5.697,1.795,1.257,0.799,0.478,0.023,0.064,1.282
2025,86,Albania,5.662,1.631,1.026,0.782,1.014,0.106,0.06,1.043
2025,87,Indonesia,5.617,1.512,1.229,0.485,1.043,0.295,0.033,1.02
2025,88,Tajikistan,5.591,1.18,1.476,0.783,,0.085,0.336,
2025,89,Armenia,5.584,1.608,1.225,1.05,0.914,0.026,0.152,0.608
2025,90,Hong Kong SAR of China,5.569,1.96,1.33,1.238,0.852,0.09,0.395,-0.295
2025,91,Georgia,5.517,1.669,1.201,0.5,0.988,0.0,0.161,0.998
2025,92,Lao PDR,5.515,1.357,0.866,0.554,1.065,0.134,0.174,1.366
2025,93,Mozambique,5.336,0.839,1.018,0.126,0.888,0.116,0.165,2.182
2025,94,Türkiye,5.3,1.785,1.313,0.692,0.363,0.046,0.099,1.002
2025,95,Iraq,5.212,1.477,1.127,0.704,0.615,0.087,0.084,1.117
2025,96,Gabon,5.167,1.591,1.003,0.45,0.829,0.043,0.092,1.159
2025,97,Iran,5.151,1.565,1.249,0.693,0.599,0.189,0.124,0.733
2025,98,Côte d’Ivoire,5.148,1.285,0.694,0.45,0.84,0.1,0.176,1.604
2025,99,Nepal,5.147,1.2,1.099,0.508,0.887,0.117,0.075,1.26
2025,100,Cameroon,5.083,1.191,0.9,0.348,0.821,0.094,0.055,1.675
2025,101,South Africa,5.009,1.494,1.285,0.101,0.825,0.064,0.064,1.176
2025,102,Azerbaijan,4.993,1.636,0.979,0.847,0.935,0.058,0.198,0.34
2025,103,Niger,4.94,0.89,0.651,0.3,0.9,0.121,0.115,1.964
2025,104,Pakistan,4.868,1.224,0.556,0.489,0.564,0.144,0.071,1.819
2025,105,Tunisia,4.798,1.475,1.043,0.442,0.652,0.038,0.071,1.078
2025,106,Nigeria,4.788,1.335,1.083,0.462,0.735,0.151,0.036,0.986
2025,107,Senegal,4.787,1.164,0.882,0.48,0.922,0.114,0.113,1.111
2025,108,Namibia,4.781,1.41,1.411,0.038,0.67,0.048,0.058,1.145
2025,109,State of Palestine,4.694,1.242,1.335,,0.742,0.073,0.095,
2025,110,Kenya,4.674,1.242,0.879,0.518,0.798,0.207,0.093,0.936
2025,111,Ukraine,4.658,1.547,1.303,0.498,0.722,0.222,0.008,0.358
2025,112,Morocco,4.646,1.376,0.401,0.674,0.844,0.035,0.086,1.229
2025,113,Guinea,4.609,1.132,0.622,0.364,0.866,0.141,0.102,1.381
2025,114,Mali,4.588,1.036,0.779,0.381,0.904,0.078,0.105,1.305
2025,115,Ghana,4.554,1.297,0.961,0.507,0.932,0.123,0.035,0.699
2025,116,India,4.536,1.397,0.732,0.298,1.015,0.121,0.124,0.848
2025,117,Somalia,4.508,0.818,0.791,0.035,0.928,0.155,0.218,1.562
2025,118,Uganda,4.491,1.032,1.181,0.449,0.924,0.14,0.043,0.722
2025,119,Jordan,4.478,1.388,1.055,0.606,0.853,0.053,0.174,0.348
2025,120,Mauritania,4.473,1.272,0.787,0.593,0.593,0.109,0.188,0.931
2025,121,Cambodia,4.462,1.295,1.075,0.531,1.123,0.148,0.088,0.201
2025,122,Congo,4.456,1.259,0.554,0.391,0.751,0.074,0.123,1.304
2025,123,Burkina Faso,4.455,0.995,0.63,0.343,0.82,0.135,0.253,1.28
2025,124,Benin,4.393,1.122,0.087,0.409,0.816,0.086,0.243,1.63
2025,125,Chad,4.385,0.979,0.676,0.292,0.571,0.151,0.116,1.6
2025,126,Lesotho,4.375,1.007,1.135,0.0,0.741,0.057,0.069,1.365
2025,127,Bangladesh,4.319,1.353,0.245,0.672,1.078,0.111,0.087,0.774
2025,128,Gambia,4.306,1.05,0.853,0.393,0.807,0.223,0.042,0.938
2025,129,Myanmar,4.287,1.211,0.977,0.488,0.722,0.292,0.16,0.436
2025,130,Liberia,4.28,0.867,0.815,0.386,0.796,0.125,0.066,1.225
2025,131,Togo,4.277,1.039,0.572,0.442,0.682,0.085,0.144,1.314
2025,132,Madagascar,4.174,0.867,0.71,0.393,0.38,0.118,0.116,1.59
2025,133,Zambia,4.106,1.109,0.861,0.25,0.991,0.139,0.101,0.654
2025,134,Sri Lanka,4.013,1.496,1.13,0.567,0.872,0.111,0.059,-0.222
2025,135,Ethiopia,3.985,1.033,0.854,0.453,0.653,0.144,0.097,0.753
2025,136,Comoros,3.925,1.089,0.352,0.468,0.373,0.118,0.172,1.352
2025,137,Eswatini,3.909,1.41,1.036,0.044,0.579,0.055,0.137,0.647
2025,138,Tanzania,3.902,1.108,0.778,0.459,1.006,0.145,0.251,0.155
2025,139,Egypt,3.862,1.558,0.862,0.521,0.727,0.022,0.097,0.074
2025,140,DR Congo,3.761,0.857,0.792,0.321,0.72,0.146,0.066,0.86
2025,141,Lebanon,3.723,1.428,1.05,0.416,0.434,0.074,0.057,0.265
2025,142,Yemen,3.532,0.692,1.292,0.431,0.549,0.084,0.109,0.374
2025,143,Botswana,3.464,1.582,0.989,0.017,0.86,0.022,0.093,-0.099
2025,144,Zimbabwe,3.346,1.213,0.782,0.189,0.729,0.056,0.128,0.251
2025,145,Malawi,3.284,0.864,0.326,0.299,0.812,0.109,0.143,0.73
2025,146,Sierra Leone,3.251,1.054,0.692,0.405,0.8,0.131,0.052,0.117
2025,147,Afghanistan,1.446,0.921,0.0,0.176,0.0,0.079,0.131,0.139
2024,1,Finland,7.736,1.749,1.783,0.824,0.986,0.11,0.502,1.782
2024,2,Denmark,7.521,1.825,1.748,0.82,0.955,0.15,0.488,1.535
2024,3,Iceland,7.515,1.799,1.84,0.873,0.971,0.201,0.173,1.659
2024,4,Sweden,7.345,1.783,1.698,0.889,0.952,0.17,0.467,1.385
2024,5,Netherlands,7.306,1.822,1.667,0.844,0.86,0.186,0.344,1.583
2024,6,Costa Rica,7.274,1.492,1.6,0.68,0.948,0.067,0.118,2.369
2024,7,Norway,7.262,1.902,1.711,0.863,0.962,0.168,0.425,1.231
2024,8,Israel,7.234,1.695,1.743,0.824,0.74,0.144,0.193,1.895
2024,9,Luxembourg,7.122,2.028,1.558,0.864,0.931,0.117,0.397,1.227
2024,10,Mexico,6.979,1.435,1.504,0.55,0.879,0.057,0.118,2.438
2024,11,Australia,6.974,1.767,1.647,0.841,0.857,0.164,0.285,1.413
2024,12,New Zealand,6.952,1.698,1.712,0.815,0.861,0.167,0.429,1.27
2024,13,Switzerland,6.935,1.87,1.622,0.883,0.889,0.156,0.468,1.047
2024,14,Belgium,6.91,1.783,1.646,0.852,0.895,0.119,0.306,1.309
2024,15,Ireland,6.889,1.988,1.659,0.823,0.906,0.179,0.382,0.952
2024,16,Lithuania,6.829,1.684,1.699,0.592,0.702,0.031,0.123,1.998
2024,17,Austria,6.81,1.791,1.592,0.814,0.856,0.179,0.28,1.297
2024,18,Canada,6.803,1.749,1.647,0.832,0.813,0.168,0.323,1.271
2024,19,Slovenia,6.792,1.692,1.718,0.802,0.961,0.121,0.113,1.384
2024,20,Czechia,6.775,1.692,1.716,0.658,0.916,0.118,0.084,1.591
2024,21,United Arab Emirates,6.759,1.812,1.294,0.659,0.934,0.165,0.235,1.66
2024,22,Germany,6.753,1.785,1.625,0.776,0.858,0.148,0.351,1.21
2024,23,United Kingdom,6.728,1.725,1.562,0.779,0.872,0.211,0.318,1.26
2024,24,United States,6.724,1.839,1.614,0.604,0.644,0.171,0.161,1.69
2024,25,Belize,6.711,1.256,1.54,0.525,1.018,0.072,0.082,2.218
2024,26,Poland,6.673,1.666,1.595,0.63,0.79,0.021,0.169,1.802
2024,27,Taiwan Province of China,6.669,1.73,1.583,0.817,0.76,0.057,0.187,1.534
2024,28,Uruguay,6.661,1.554,1.654,0.523,0.913,0.078,0.197,1.741
2024,29,Kosovo,6.659,1.281,1.454,0.896,0.893,0.201,0.087,1.847
2024,30,Kuwait,6.629,1.691,1.481,0.766,0.934,0.143,0.167,1.448
2024,31,Serbia,6.606,1.489,1.62,0.545,0.767,0.131,0.107,1.946
2024,32,Saudi Arabia,6.6,1.743,1.566,0.714,0.915,0.105,0.187,1.37
2024,33,France,6.593,1.733,1.535,0.832,0.743,0.099,0.264,1.386
2024,34,Singapore,6.565,2.022,1.565,0.935,0.856,0.164,0.522,0.501
2024,35,Romania,6.563,1.636,1.401,0.561,0.847,0.028,0.015,2.075
2024,36,Brazil,6.494,1.391,1.519,0.48,0.83,0.089,0.127,2.057
2024,37,El Salvador,6.492,1.222,1.228,0.559,0.955,0.054,0.264,2.211
2024,38,Spain,6.466,1.69,1.685,0.894,0.734,0.112,0.18,1.17
2024,39,Estonia,6.417,1.65,1.716,0.642,0.902,0.128,0.378,1.001
2024,40,Italy,6.415,1.724,1.526,0.852,0.641,0.082,0.071,1.517
2024,41,Panama,6.407,1.594,1.6,0.717,0.876,0.041,0.042,1.537
2024,42,Argentina,6.397,1.504,1.622,0.579,0.824,0.048,0.083,1.736
2024,43,Kazakhstan,6.378,1.586,1.688,0.504,0.878,0.111,0.118,1.492
2024,44,Guatemala,6.362,1.249,1.33,0.376,0.882,0.075,0.085,2.365
2024,45,Chile,6.361,1.537,1.577,0.711,0.779,0.093,0.085,1.579
2024,46,Viet Nam,6.352,1.278,1.533,0.631,1.012,0.039,0.174,1.684
2024,47,Nicaragua,6.33,1.084,1.47,0.646,0.912,0.103,0.271,1.844
2024,48,Malta,6.316,1.76,1.671,0.837,0.837,0.217,0.115,0.879
2024,49,Thailand,6.222,1.426,1.551,0.633,0.927,0.223,0.039,1.423
2024,50,Slovakia,6.221,1.629,1.762,0.547,0.704,0.058,0.07,1.451
2024,51,Latvia,6.207,1.619,1.711,0.503,0.789,0.108,0.082,1.396
2024,52,Oman,6.197,1.603,1.411,0.5,0.93,0.142,,
2024,53,Uzbekistan,6.193,1.179,1.615,0.654,0.977,0.195,0.208,1.364
2024,54,Paraguay,6.172,1.329,1.615,0.291,0.921,0.097,0.063,1.857
2024,55,Japan,6.147,1.678,1.55,0.921,0.746,0.014,0.2,1.038
2024,56,Bosnia and Herzegovina,6.136,1.405,1.545,0.616,0.749,0.178,0.009,1.635
2024,57,Philippines,6.107,1.177,1.385,0.315,0.966,0.075,0.11,2.079
2024,58,Republic of Korea,6.038,1.709,1.357,0.903,0.678,0.1,0.139,1.152
2024,59,Bahrain,6.03,1.752,1.391,0.609,0.907,0.148,0.167,1.057
2024,60,Portugal,6.013,1.646,1.56,0.822,0.879,0.04,0.034,1.032
2024,61,Colombia,6.004,1.38,1.513,0.587,0.777,0.039,0.051,1.658
2024,62,Ecuador,5.965,1.299,1.32,0.702,0.712,0.058,0.066,1.808
2024,63,Honduras,5.964,1.036,1.187,0.436,0.862,0.134,0.079,2.229
2024,64,Malaysia,5.955,1.571,1.315,0.446,0.991,0.181,0.11,1.341
2024,65,Peru,5.947,1.323,1.364,0.551,0.71,0.05,0.021,1.929
2024,66,Russian Federation,5.945,1.63,1.549,0.47,0.702,0.095,0.125,1.373
2024,67,Cyprus,5.942,1.72,1.348,0.84,0.612,0.108,0.041,1.273
2024,68,China,5.921,1.445,1.307,0.789,0.764,0.079,0.154,1.382
2024,69,Hungary,5.915,1.638,1.742,0.587,0.681,0.099,0.057,1.111
2024,70,Trinidad and Tobago,5.905,1.549,1.532,0.419,0.76,0.111,0.001,1.533
2024,71,Montenegro,5.877,1.507,1.551,0.618,0.768,0.075,0.138,1.22
2024,72,Croatia,5.87,1.644,1.673,0.669,0.478,0.022,0.065,1.319
2024,73,Jamaica,5.87,1.182,1.545,0.504,0.869,0.075,0.019,1.676
2024,74,Bolivia,5.868,1.173,1.356,0.346,0.817,0.067,0.052,2.057
2024,75,Kyrgyzstan,5.858,1.032,1.715,0.647,0.981,0.169,0.053,1.261
2024,76,Dominican Republic,5.846,1.457,1.5,0.615,0.866,0.063,0.186,1.16
2024,77,Mongolia,5.833,1.336,1.731,0.423,0.629,0.18,0.053,1.481
2024,78,Mauritius,5.832,1.499,1.521,0.617,0.761,0.095,0.13,1.209
2024,79,Libya,5.82,1.247,1.309,0.549,0.724,0.111,0.214,1.666
2024,80,Republic of Moldova,5.819,1.332,1.43,0.414,0.83,0.054,0.037,1.722
2024,81,Greece,5.776,1.608,1.438,0.725,0.396,0.003,0.063,1.543
2024,82,Venezuela,5.683,0.0,1.493,0.515,0.702,0.154,0.117,2.701
2024,83,Indonesia,5.617,1.288,1.372,0.454,0.918,0.323,0.044,1.218
2024,84,Algeria,5.571,1.315,1.363,0.782,0.522,0.057,0.219,1.313
2024,85,Bulgaria,5.554,1.573,1.725,0.463,0.708,0.055,0.0,1.029
2024,86,North Macedonia,5.503,1.458,1.537,0.544,0.637,0.13,0.007,1.19
2024,87,Armenia,5.494,1.391,1.349,0.828,0.786,0.032,0.158,0.95
2024,88,Hong Kong SAR of China,5.491,1.79,1.41,0.948,0.674,0.116,0.386,0.168
2024,89,Albania,5.411,1.371,1.122,0.696,0.841,0.103,0.057,1.22
2024,90,Tajikistan,5.411,0.914,1.555,0.658,,0.085,0.342,
2024,91,Georgia,5.4,1.444,1.275,0.482,0.844,0.0,0.172,1.182
2024,92,Nepal,5.311,0.944,1.21,0.463,0.764,0.155,0.099,1.676
2024,93,Lao PDR,5.301,1.122,1.01,0.493,0.916,0.145,0.164,1.452
2024,94,Türkiye,5.262,1.582,1.444,0.626,0.244,0.04,0.104,1.223
2024,95,South Africa,5.213,1.283,1.465,0.142,0.676,0.064,0.043,1.54
2024,96,Mozambique,5.19,0.559,1.131,0.124,0.813,0.127,0.173,2.262
2024,97,Gabon,5.12,1.386,1.224,0.387,0.651,0.042,0.086,1.343
2024,98,Côte d’Ivoire,5.102,1.038,0.76,0.206,0.661,0.1,0.162,2.176
2024,99,Iran,5.093,1.33,1.367,0.609,0.456,0.202,0.122,1.007
2024,100,Congo,5.03,1.023,0.796,0.336,0.626,0.082,0.126,2.04
2024,101,Iraq,4.976,1.261,1.275,0.589,0.503,0.1,0.069,1.178
2024,102,Guinea,4.929,0.873,0.791,0.306,0.676,0.157,0.098,2.027
2024,103,Namibia,4.911,1.182,1.482,0.104,0.564,0.052,0.056,1.47
2024,104,Cameroon,4.887,0.944,0.986,0.302,0.662,0.099,0.06,1.834
2024,105,Nigeria,4.885,0.989,1.245,0.38,0.639,0.17,0.028,1.433
2024,106,Azerbaijan,4.875,1.428,1.03,0.707,0.785,0.076,0.179,0.67
2024,107,Senegal,4.856,0.907,0.977,0.433,0.767,0.129,0.09,1.553
2024,108,State of Palestine,4.78,1.047,1.456,,0.618,0.055,0.081,
2024,109,Pakistan,4.768,0.982,0.759,0.417,0.529,0.136,0.046,1.898
2024,110,Niger,4.725,0.606,0.796,0.258,0.759,0.122,0.137,2.048
2024,111,Ukraine,4.68,1.328,1.472,0.472,0.689,0.245,0.023,0.451
2024,112,Morocco,4.622,1.139,0.635,0.585,0.748,0.031,0.095,1.388
2024,113,Tunisia,4.552,1.257,1.224,0.459,0.382,0.032,0.05,1.149
2024,114,Mauritania,4.542,1.023,0.919,0.516,0.454,0.113,0.195,1.323
2024,115,Kenya,4.51,0.994,1.047,0.448,0.649,0.22,0.073,1.079
2024,116,Uganda,4.461,0.762,1.342,0.396,0.751,0.148,0.05,1.012
2024,117,Gambia,4.423,0.778,0.958,0.348,0.611,0.255,0.045,1.428
2024,118,India,4.389,1.149,0.86,0.316,0.914,0.141,0.12,0.889
2024,119,Chad,4.384,0.592,0.902,0.242,0.477,0.175,0.111,1.884
2024,120,Burkina Faso,4.383,0.724,0.828,0.296,0.671,0.142,0.218,1.504
2024,121,Benin,4.357,0.855,0.228,0.357,0.679,0.092,0.238,1.909
2024,122,Somalia,4.347,0.535,0.877,0.046,0.916,0.206,0.192,1.575
2024,123,Mali,4.345,0.709,0.908,0.318,0.767,0.093,0.114,1.436
2024,124,Cambodia,4.341,1.049,1.215,0.481,0.988,0.138,0.078,0.393
2024,125,Ghana,4.34,1.053,1.01,0.438,0.771,0.139,0.025,0.904
2024,126,Myanmar,4.321,0.975,1.144,0.446,0.569,0.322,0.163,0.702
2024,127,Togo,4.315,0.757,0.736,0.378,0.576,0.097,0.153,1.618
2024,128,Jordan,4.31,1.158,1.202,0.573,0.7,0.051,0.164,0.461
2024,129,Liberia,4.277,0.582,0.888,0.324,0.653,0.143,0.068,1.618
2024,130,Madagascar,4.157,0.588,0.938,0.341,0.292,0.131,0.118,1.751
2024,131,Zambia,3.912,0.848,1.013,0.233,0.872,0.131,0.107,0.709
2024,132,Ethiopia,3.898,0.757,1.051,0.416,0.54,0.182,0.1,0.852
2024,133,Sri Lanka,3.891,1.271,1.308,0.567,0.696,0.121,0.025,-0.099
2024,134,Bangladesh,3.851,1.116,0.286,0.592,0.92,0.11,0.132,0.695
2024,135,Egypt,3.817,1.347,1.075,0.473,0.593,0.018,0.103,0.21
2024,136,Tanzania,3.8,0.847,0.908,0.411,0.858,0.153,0.243,0.38
2024,137,Eswatini,3.774,1.183,1.152,0.038,0.428,0.054,0.13,0.79
2024,138,Lesotho,3.757,0.737,1.131,0.0,0.606,0.065,0.072,1.145
2024,139,Comoros,3.754,0.835,0.501,0.428,0.26,0.117,0.164,1.45
2024,140,Yemen,3.561,0.631,1.482,0.375,0.447,0.066,0.106,0.454
2024,141,DR Congo,3.469,0.544,0.929,0.278,0.6,0.151,0.061,0.906
2024,142,Botswana,3.438,1.388,1.146,0.094,0.697,0.018,0.083,0.012
2024,143,Zimbabwe,3.396,0.827,0.961,0.178,0.598,0.065,0.131,0.636
2024,144,Malawi,3.26,0.588,0.489,0.28,0.677,0.115,0.136,0.975
2024,145,Lebanon,3.188,1.223,0.984,0.44,0.279,0.071,0.041,0.15
2024,146,Sierra Leone,2.998,0.786,0.692,0.327,0.613,0.138,0.052,0.391
2024,147,Afghanistan,1.364,0.649,0.0,0.155,0.0,0.075,0.135,0.348
2023,1,Finland,7.741,1.844,1.572,0.695,0.859,0.142,0.546,2.082
2023,2,Denmark,7.583,1.908,1.52,0.699,0.823,0.204,0.548,1.881
2023,3,Iceland,7.525,1.881,1.617,0.718,0.819,0.258,0.182,2.05
2023,4,Sweden,7.344,1.878,1.501,0.724,0.838,0.221,0.524,1.658
2023,5,Israel,7.341,1.803,1.513,0.74,0.641,0.153,0.193,2.298
2023,6,Netherlands,7.319,1.901,1.462,0.706,0.725,0.247,0.372,1.906
2023,7,Norway,7.302,1.952,1.517,0.704,0.835,0.224,0.484,1.586
2023,8,Luxembourg,7.122,2.141,1.355,0.708,0.801,0.146,0.432,1.54
2023,9,Switzerland,7.06,1.97,1.425,0.747,0.759,0.173,0.498,1.488
2023,10,Australia,7.057,1.854,1.461,0.692,0.756,0.225,0.323,1.745
2023,11,New Zealand,7.029,1.81,1.527,0.673,0.746,0.226,0.48,1.567
2023,12,Costa Rica,6.955,1.561,1.373,0.661,0.797,0.109,0.123,2.333
2023,13,Kuwait,6.951,1.845,1.364,0.661,0.827,0.2,0.172,1.884
2023,14,Austria,6.905,1.885,1.336,0.696,0.703,0.214,0.305,1.766
2023,15,Canada,6.9,1.84,1.459,0.701,0.73,0.23,0.368,1.572
2023,16,Belgium,6.894,1.868,1.44,0.69,0.729,0.17,0.311,1.686
2023,17,Ireland,6.838,2.129,1.39,0.7,0.758,0.205,0.418,1.239
2023,18,Czechia,6.822,1.783,1.511,0.638,0.787,0.177,0.068,1.858
2023,19,Lithuania,6.818,1.766,1.454,0.598,0.533,0.044,0.116,2.307
2023,20,United Kingdom,6.749,1.822,1.326,0.672,0.713,0.267,0.351,1.598
2023,21,Slovenia,6.743,1.786,1.502,0.695,0.789,0.157,0.131,1.683
2023,22,United Arab Emirates,6.733,1.983,1.164,0.563,0.815,0.209,0.258,1.741
2023,23,United States,6.725,1.939,1.392,0.542,0.586,0.223,0.169,1.873
2023,24,Germany,6.719,1.871,1.39,0.702,0.7,0.174,0.368,1.513
2023,25,Mexico,6.678,1.521,1.241,0.544,0.722,0.086,0.127,2.437
2023,26,Uruguay,6.611,1.596,1.431,0.592,0.775,0.106,0.22,1.891
2023,27,France,6.609,1.818,1.348,0.727,0.65,0.112,0.281,1.672
2023,28,Saudi Arabia,6.594,1.842,1.361,0.511,0.787,0.114,0.188,1.79
2023,29,Kosovo,6.561,1.364,1.277,0.599,0.739,0.254,0.073,2.255
2023,30,Singapore,6.523,2.118,1.361,0.769,0.743,0.168,0.575,0.788
2023,31,Taiwan Province of China,6.503,1.842,1.346,0.65,0.649,0.068,0.202,1.747
2023,32,Romania,6.491,1.699,1.236,0.583,0.717,0.041,0.006,2.21
2023,33,El Salvador,6.469,1.265,1.08,0.549,0.816,0.083,0.253,2.424
2023,34,Estonia,6.448,1.752,1.527,0.657,0.805,0.166,0.401,1.138
2023,35,Poland,6.442,1.738,1.417,0.639,0.6,0.081,0.175,1.791
2023,36,Spain,6.421,1.766,1.471,0.729,0.619,0.119,0.177,1.54
2023,37,Serbia,6.411,1.538,1.391,0.585,0.663,0.2,0.101,1.932
2023,38,Chile,6.36,1.616,1.369,0.673,0.651,0.117,0.075,1.858
2023,39,Panama,6.358,1.702,1.392,0.633,0.72,0.063,0.043,1.806
2023,40,Malta,6.346,1.827,1.444,0.707,0.727,0.25,0.125,1.267
2023,41,Italy,6.324,1.8,1.328,0.72,0.513,0.112,0.074,1.777
2023,42,Guatemala,6.287,1.26,1.169,0.467,0.735,0.105,0.078,2.473
2023,43,Nicaragua,6.284,1.097,1.263,0.542,0.793,0.133,0.251,2.203
2023,44,Brazil,6.272,1.43,1.269,0.548,0.685,0.13,0.142,2.068
2023,45,Slovakia,6.257,1.706,1.54,0.638,0.566,0.096,0.058,1.653
2023,46,Latvia,6.234,1.7,1.508,0.564,0.666,0.127,0.078,1.59
2023,47,Uzbekistan,6.195,1.212,1.394,0.539,0.835,0.251,0.215,1.749
2023,48,Argentina,6.188,1.562,1.381,0.585,0.681,0.087,0.08,1.812
2023,49,Kazakhstan,6.188,1.622,1.457,0.556,0.733,0.149,0.12,1.551
2023,50,Cyprus,6.068,1.794,1.217,0.744,0.529,0.124,0.049,1.611
2023,51,Japan,6.06,1.786,1.354,0.785,0.632,0.023,0.219,1.261
2023,52,Republic of Korea,6.058,1.815,1.178,0.77,0.555,0.126,0.158,1.456
2023,53,Philippines,6.048,1.232,1.146,0.441,0.826,0.099,0.136,2.167
2023,54,Viet Nam,6.043,1.331,1.267,0.539,0.843,0.094,0.16,1.81
2023,55,Portugal,6.03,1.728,1.368,0.699,0.757,0.047,0.035,1.397
2023,56,Hungary,6.017,1.722,1.528,0.596,0.581,0.123,0.067,1.4
2023,57,Paraguay,5.977,1.398,1.408,0.549,0.788,0.131,0.065,1.637
2023,58,Thailand,5.976,1.484,1.347,0.62,0.756,0.283,0.024,1.463
2023,59,Malaysia,5.975,1.646,1.143,0.54,0.829,0.226,0.119,1.473
2023,60,China,5.973,1.497,1.239,0.629,0.704,0.132,0.164,1.608
2023,61,Honduras,5.968,1.091,1.035,0.502,0.72,0.175,0.081,2.364
2023,62,Bahrain,5.959,,,,,,,
2023,63,Croatia,5.942,1.71,1.445,0.637,0.469,0.064,0.043,1.574
2023,64,Greece,5.934,1.684,1.276,0.696,0.337,0.018,0.093,1.83
2023,65,Bosnia and Herzegovina,5.877,1.465,1.318,0.587,0.621,0.246,0.0,1.64
2023,66,Libya,5.866,1.526,1.1,0.55,0.592,0.111,0.204,1.785
2023,67,Jamaica,5.842,1.28,1.324,0.567,0.647,0.089,0.028,1.907
2023,68,Peru,5.841,1.371,1.18,0.662,0.615,0.078,0.029,1.907
2023,69,Dominican Republic,5.823,1.517,1.272,0.511,0.73,0.086,0.196,1.512
2023,70,Mauritius,5.816,1.57,1.358,0.49,0.641,0.123,0.118,1.517
2023,71,Republic of Moldova,5.816,1.385,1.277,0.542,0.695,0.077,0.044,1.795
2023,72,Russian Federation,5.785,1.642,1.351,0.531,0.551,0.138,0.121,1.451
2023,73,Bolivia,5.784,1.217,1.179,0.488,0.719,0.1,0.061,2.02
2023,74,Ecuador,5.725,1.315,1.151,0.64,0.606,0.087,0.078,1.846
2023,75,Kyrgyzstan,5.714,1.054,1.477,0.588,0.834,0.225,0.03,1.505
2023,76,Montenegro,5.707,1.571,1.318,0.587,0.632,0.11,0.132,1.357
2023,77,Mongolia,5.696,1.353,1.511,0.4,0.501,0.237,0.055,1.64
2023,78,Colombia,5.695,1.437,1.241,0.648,0.644,0.072,0.059,1.596
2023,79,Venezuela,5.607,0.0,1.321,0.491,0.518,0.192,0.086,2.998
2023,80,Indonesia,5.568,1.361,1.184,0.472,0.779,0.399,0.055,1.318
2023,81,Bulgaria,5.463,1.629,1.469,0.567,0.62,0.083,0.006,1.088
2023,82,Armenia,5.455,1.444,1.154,0.603,0.65,0.051,0.173,1.379
2023,83,South Africa,5.422,1.389,1.369,0.322,0.537,0.078,0.034,1.693
2023,84,North Macedonia,5.369,1.475,1.277,0.569,0.58,0.194,0.015,1.26
2023,85,Algeria,5.364,1.324,1.191,0.568,0.247,0.091,0.2,1.743
2023,86,Hong Kong SAR of China,5.316,1.909,1.184,0.857,0.485,0.147,0.402,0.333
2023,87,Albania,5.304,1.438,0.924,0.638,0.69,0.138,0.049,1.428
2023,88,Tajikistan,5.281,,,,,,,
2023,89,Congo,5.221,0.892,0.622,0.306,0.523,0.124,0.138,2.617
2023,90,Mozambique,5.216,0.56,0.883,0.156,0.728,0.158,0.196,2.536
2023,91,Georgia,5.185,1.467,0.99,0.524,0.68,0.0,0.174,1.349
2023,92,Iraq,5.166,1.249,0.996,0.498,0.425,0.141,0.048,1.809
2023,93,Nepal,5.158,0.965,0.99,0.443,0.653,0.209,0.115,1.783
2023,94,Lao PDR,5.139,1.208,0.846,0.423,0.796,0.17,0.167,1.529
2023,95,Gabon,5.106,1.403,1.038,0.344,0.516,0.045,0.1,1.66
2023,96,Côte d’Ivoire,5.08,1.08,0.578,0.288,0.547,0.12,0.164,2.303
2023,97,Guinea,5.023,0.831,0.622,0.236,0.521,0.21,0.107,2.497
2023,98,Türkiye,4.975,1.702,1.175,0.631,0.202,0.068,0.115,1.083
2023,99,Senegal,4.969,0.927,0.751,0.392,0.607,0.152,0.069,2.071
2023,100,Iran,4.923,1.435,1.136,0.571,0.366,0.235,0.123,1.057
2023,101,Azerbaijan,4.893,1.433,0.876,0.496,0.668,0.112,0.199,1.11
2023,102,Nigeria,4.881,1.042,1.075,0.256,0.566,0.201,0.019,1.722
2023,103,State of Palestine,4.879,,,,,,,
2023,104,Cameroon,4.874,0.943,0.856,0.288,0.521,0.126,0.06,2.08
2023,105,Ukraine,4.873,1.35,1.315,0.513,0.631,0.285,0.025,0.753
2023,106,Namibia,4.832,1.266,1.212,0.307,0.47,0.069,0.061,1.446
2023,107,Morocco,4.795,1.213,0.471,0.495,0.631,0.042,0.082,1.861
2023,108,Pakistan,4.657,1.069,0.6,0.321,0.542,0.144,0.074,1.907
2023,109,Niger,4.556,0.573,0.677,0.293,0.615,0.145,0.147,2.107
2023,110,Burkina Faso,4.548,0.756,0.685,0.274,0.483,0.173,0.179,1.999
2023,111,Mauritania,4.505,1.078,0.705,0.4,0.343,0.133,0.198,1.649
2023,112,Gambia,4.485,0.75,0.684,0.33,0.459,0.324,0.048,1.89
2023,113,Chad,4.471,0.603,0.805,0.199,0.411,0.218,0.113,2.122
2023,114,Kenya,4.47,1.037,0.895,0.353,0.519,0.282,0.069,1.316
2023,115,Tunisia,4.422,1.306,0.955,0.579,0.254,0.024,0.018,1.285
2023,116,Benin,4.377,0.914,0.128,0.284,0.567,0.112,0.252,2.121
2023,117,Uganda,4.372,0.772,1.151,0.373,0.587,0.178,0.054,1.256
2023,118,Myanmar,4.354,0.978,0.988,0.436,0.45,0.401,0.174,0.928
2023,119,Cambodia,4.341,1.011,1.019,0.442,0.863,0.17,0.071,0.765
2023,120,Ghana,4.289,1.077,0.747,0.36,0.623,0.183,0.028,1.273
2023,121,Liberia,4.269,0.619,0.673,0.301,0.546,0.178,0.075,1.878
2023,122,Mali,4.232,0.747,0.688,0.267,0.586,0.12,0.09,1.734
2023,123,Madagascar,4.228,0.628,0.823,0.333,0.25,0.172,0.123,1.897
2023,124,Togo,4.214,0.758,0.586,0.32,0.453,0.127,0.156,1.814
2023,125,Jordan,4.186,1.262,0.983,0.594,0.593,0.059,0.189,0.504
2023,126,India,4.054,1.166,0.653,0.417,0.767,0.174,0.122,0.756
2023,127,Egypt,3.977,1.37,0.996,0.488,0.49,0.025,0.259,0.349
2023,128,Sri Lanka,3.898,1.361,1.179,0.586,0.583,0.144,0.031,0.014
2023,129,Bangladesh,3.886,1.122,0.249,0.513,0.775,0.14,0.167,0.919
2023,130,Ethiopia,3.861,0.792,0.915,0.42,0.441,0.27,0.101,0.923
2023,131,Tanzania,3.781,0.82,0.706,0.38,0.709,0.191,0.257,0.717
2023,132,Comoros,3.566,0.896,0.328,0.37,0.172,0.128,0.16,1.512
2023,133,Yemen,3.561,0.671,1.281,0.293,0.362,0.08,0.113,0.76
2023,134,Zambia,3.502,0.899,0.809,0.264,0.727,0.168,0.109,0.526
2023,135,Eswatini,3.502,1.255,0.925,0.176,0.284,0.059,0.116,0.686
2023,136,Malawi,3.421,0.617,0.41,0.349,0.571,0.135,0.136,1.203
2023,137,Botswana,3.383,1.445,0.969,0.241,0.567,0.014,0.082,0.066
2023,138,Zimbabwe,3.341,0.748,0.85,0.232,0.487,0.096,0.131,0.797
2023,139,DR Congo,3.295,0.534,0.665,0.262,0.473,0.189,0.072,1.102
2023,140,Sierra Leone,3.245,0.654,0.566,0.253,0.469,0.181,0.053,1.068
2023,141,Lesotho,3.186,0.771,0.851,0.0,0.523,0.082,0.085,0.875
2023,142,Lebanon,2.707,1.377,0.577,0.556,0.173,0.068,0.029,-0.073
2023,143,Afghanistan,1.721,0.628,0.0,0.242,0.0,0.091,0.088,0.672
2022,1,Finland,7.804,1.888,1.585,0.535,0.772,0.126,0.535,2.363
2022,2,Denmark,7.586,1.949,1.548,0.537,0.734,0.208,0.525,2.084
2022,3,Iceland,7.53,1.926,1.62,0.559,0.738,0.25,0.187,2.25
2022,4,Israel,7.473,1.833,1.521,0.577,0.569,0.124,0.158,2.691
2022,5,Netherlands,7.403,1.942,1.488,0.545,0.672,0.251,0.394,2.11
2022,6,Sweden,7.395,1.921,1.51,0.562,0.754,0.225,0.52,1.903
2022,7,Norway,7.315,1.994,1.521,0.544,0.752,0.212,0.463,1.829
2022,8,Switzerland,7.24,2.022,1.463,0.582,0.678,0.151,0.475,1.87
2022,9,Luxembourg,7.228,2.2,1.357,0.549,0.71,0.149,0.418,1.845
2022,10,New Zealand,7.123,1.842,1.544,0.513,0.672,0.23,0.471,1.852
2022,11,Austria,7.097,1.927,1.382,0.535,0.63,0.191,0.31,2.124
2022,12,Australia,7.095,1.899,1.497,0.532,0.677,0.242,0.31,1.938
2022,13,Canada,6.961,1.881,1.484,0.541,0.656,0.218,0.364,1.815
2022,14,Ireland,6.911,2.152,1.425,0.539,0.656,0.186,0.409,1.545
2022,15,United States,6.894,1.98,1.46,0.39,0.557,0.21,0.172,2.124
2022,16,Germany,6.892,1.919,1.401,0.539,0.618,0.153,0.365,1.898
2022,17,Belgium,6.859,1.907,1.449,0.528,0.59,0.137,0.273,1.976
2022,18,Czechia,6.845,1.823,1.544,0.477,0.693,0.158,0.05,2.099
2022,19,United Kingdom,6.796,1.857,1.366,0.511,0.626,0.272,0.34,1.822
2022,20,Lithuania,6.763,1.808,1.511,0.432,0.487,0.059,0.089,2.377
2022,21,France,6.661,1.856,1.433,0.566,0.582,0.083,0.27,1.872
2022,22,Slovenia,6.65,1.815,1.539,0.532,0.707,0.144,0.113,1.799
2022,23,Costa Rica,6.609,1.587,1.34,0.503,0.683,0.099,0.116,2.281
2022,24,Romania,6.589,1.726,1.28,0.423,0.631,0.044,0.0,2.485
2022,25,Singapore,6.587,2.168,1.354,0.607,0.66,0.17,0.561,1.067
2022,26,United Arab Emirates,6.571,2.015,1.223,0.401,0.745,0.188,0.247,1.752
2022,27,Taiwan Province of China,6.535,1.89,1.372,0.492,0.562,0.067,0.178,1.974
2022,28,Uruguay,6.494,1.617,1.445,0.435,0.683,0.102,0.254,1.958
2022,29,Slovakia,6.469,1.731,1.544,0.472,0.494,0.128,0.022,2.078
2022,30,Saudi Arabia,6.463,1.861,1.37,0.351,0.682,0.093,0.17,1.936
2022,31,Estonia,6.455,1.798,1.526,0.494,0.728,0.153,0.372,1.383
2022,32,Spain,6.436,1.798,1.491,0.567,0.533,0.101,0.157,1.789
2022,33,Italy,6.405,1.832,1.365,0.559,0.438,0.097,0.063,2.052
2022,34,Kosovo,6.368,1.374,1.269,0.372,0.639,0.275,0.045,2.393
2022,35,Chile,6.334,1.645,1.384,0.511,0.546,0.131,0.076,2.04
2022,36,Mexico,6.33,1.55,1.169,0.389,0.632,0.086,0.115,2.389
2022,37,Malta,6.3,1.841,1.468,0.547,0.671,0.2,0.143,1.429
2022,38,Panama,6.265,1.714,1.402,0.475,0.63,0.065,0.036,1.943
2022,39,Poland,6.26,1.767,1.474,0.477,0.511,0.12,0.139,1.772
2022,40,Nicaragua,6.259,1.109,1.292,0.385,0.66,0.148,0.218,2.448
2022,41,Latvia,6.213,1.737,1.505,0.405,0.58,0.107,0.071,1.808
2022,42,Bahrain,6.173,1.883,1.269,0.389,0.748,0.199,0.138,1.546
2022,43,Guatemala,6.15,1.287,1.188,0.31,0.631,0.106,0.066,2.562
2022,44,Kazakhstan,6.144,1.664,1.491,0.389,0.628,0.136,0.149,1.688
2022,45,Serbia,6.144,1.552,1.343,0.424,0.617,0.246,0.081,1.881
2022,46,Cyprus,6.13,1.824,1.224,0.58,0.455,0.104,0.05,1.893
2022,47,Japan,6.129,1.825,1.396,0.622,0.556,0.009,0.207,1.513
2022,48,Croatia,6.125,1.727,1.455,0.475,0.5,0.087,0.003,1.88
2022,49,Brazil,6.125,1.454,1.25,0.387,0.558,0.131,0.137,2.205
2022,50,El Salvador,6.122,1.278,1.044,0.383,0.713,0.079,0.222,2.403
2022,51,Hungary,6.041,1.754,1.519,0.435,0.501,0.105,0.065,1.663
2022,52,Argentina,6.024,1.59,1.388,0.427,0.587,0.088,0.082,1.861
2022,53,Honduras,6.023,1.115,1.072,0.341,0.613,0.189,0.062,2.631
2022,54,Uzbekistan,6.014,1.227,1.347,0.375,0.74,0.26,0.208,1.856
2022,55,Malaysia,6.012,1.665,1.155,0.385,0.659,0.222,0.122,1.804
2022,56,Portugal,5.968,1.758,1.356,0.537,0.693,0.031,0.037,1.556
2022,57,Republic of Korea,5.951,1.853,1.188,0.603,0.446,0.112,0.163,1.587
2022,58,Greece,5.931,1.708,1.247,0.535,0.248,0.008,0.097,2.089
2022,59,Mauritius,5.902,1.589,1.382,0.336,0.574,0.121,0.11,1.79
2022,60,Thailand,5.843,1.515,1.344,0.461,0.624,0.291,0.013,1.594
2022,61,Mongolia,5.84,1.379,1.494,0.244,0.425,0.239,0.058,2.001
2022,62,Kyrgyzstan,5.825,1.061,1.439,0.417,0.735,0.234,0.018,1.92
2022,63,Republic of Moldova,5.819,1.425,1.302,0.375,0.61,0.093,0.02,1.995
2022,64,China,5.818,1.51,1.249,0.468,0.666,0.115,0.145,1.666
2022,65,Viet Nam,5.763,1.349,1.212,0.381,0.741,0.134,0.122,1.824
2022,66,Paraguay,5.738,1.428,1.427,0.392,0.678,0.148,0.062,1.604
2022,67,Montenegro,5.722,1.537,1.385,0.424,0.563,0.17,0.061,1.581
2022,68,Jamaica,5.703,1.305,1.329,0.411,0.587,0.079,0.039,1.954
2022,69,Bolivia,5.684,1.24,1.187,0.329,0.648,0.103,0.06,2.118
2022,70,Russian Federation,5.661,1.68,1.383,0.366,0.449,0.12,0.091,1.572
2022,71,Bosnia and Herzegovina,5.633,1.467,1.361,0.429,0.485,0.247,0.008,1.635
2022,72,Colombia,5.63,1.455,1.213,0.486,0.562,0.08,0.068,1.765
2022,73,Dominican Republic,5.569,1.536,1.227,0.351,0.623,0.083,0.195,1.553
2022,74,Ecuador,5.559,1.343,1.173,0.476,0.56,0.079,0.069,1.86
2022,75,Peru,5.526,1.39,1.153,0.499,0.549,0.073,0.027,1.835
2022,76,Philippines,5.523,1.238,1.108,0.286,0.714,0.104,0.141,1.931
2022,77,Bulgaria,5.466,1.635,1.457,0.408,0.557,0.106,0.013,1.289
2022,78,Nepal,5.36,0.979,1.027,0.281,0.567,0.215,0.104,2.187
2022,79,Armenia,5.342,1.466,1.134,0.443,0.551,0.053,0.16,1.534
2022,80,Tajikistan,5.33,0.972,1.248,0.291,0.599,0.104,0.292,1.823
2022,81,Algeria,5.329,1.353,1.298,0.409,0.252,0.073,0.152,1.791
2022,82,Hong Kong SAR of China,5.308,1.951,1.201,0.702,0.407,0.123,0.39,0.535
2022,83,Albania,5.277,1.449,0.951,0.48,0.549,0.133,0.037,1.678
2022,84,Indonesia,5.277,1.384,1.169,0.314,0.663,0.422,0.038,1.288
2022,85,South Africa,5.275,1.417,1.428,0.149,0.464,0.09,0.019,1.708
2022,86,Congo,5.267,0.921,0.665,0.145,0.464,0.134,0.136,2.802
2022,87,North Macedonia,5.254,1.498,1.171,0.408,0.515,0.207,0.02,1.435
2022,88,Venezuela,5.211,0.0,1.257,0.341,0.369,0.205,0.084,2.955
2022,89,Lao PDR,5.111,1.232,0.853,0.257,0.715,0.185,0.162,1.707
2022,90,Georgia,5.109,1.477,0.947,0.366,0.539,0.0,0.201,1.58
2022,91,Guinea,5.072,0.844,0.776,0.072,0.369,0.204,0.102,2.705
2022,92,Ukraine,5.071,1.358,1.354,0.355,0.551,0.265,0.016,1.172
2022,93,Côte d’Ivoire,5.053,1.094,0.584,0.12,0.467,0.138,0.131,2.519
2022,94,Gabon,5.035,1.438,1.021,0.183,0.346,0.036,0.102,1.908
2022,95,Nigeria,4.981,1.065,1.007,0.092,0.448,0.176,0.013,2.181
2022,96,Cameroon,4.973,0.965,0.871,0.118,0.405,0.144,0.059,2.411
2022,97,Mozambique,4.954,0.57,0.885,0.0,0.625,0.161,0.192,2.519
2022,98,Iraq,4.941,1.281,0.953,0.324,0.351,0.134,0.038,1.861
2022,99,State of Palestine,4.908,1.144,1.309,,0.416,0.065,0.067,
2022,100,Morocco,4.903,1.236,0.535,0.337,0.54,0.013,0.085,2.158
2022,101,Iran,4.876,1.465,1.102,0.411,0.281,0.229,0.13,1.259
2022,102,Senegal,4.855,0.943,0.727,0.231,0.519,0.142,0.06,2.234
2022,103,Mauritania,4.724,1.099,0.764,0.244,0.32,0.13,0.195,1.973
2022,104,Burkina Faso,4.638,0.768,0.814,0.107,0.419,0.188,0.113,2.23
2022,105,Namibia,4.631,1.289,1.126,0.145,0.383,0.069,0.071,1.549
2022,106,Türkiye,4.614,1.714,1.148,0.467,0.125,0.095,0.096,0.969
2022,107,Ghana,4.605,1.101,0.756,0.197,0.526,0.211,0.035,1.779
2022,108,Pakistan,4.555,1.081,0.657,0.158,0.511,0.141,0.102,1.907
2022,109,Niger,4.501,0.561,0.628,0.137,0.54,0.154,0.14,2.341
2022,110,Tunisia,4.497,1.333,0.981,0.422,0.259,0.022,0.016,1.463
2022,111,Kenya,4.487,1.051,0.881,0.19,0.418,0.291,0.055,1.601
2022,112,Sri Lanka,4.442,1.422,1.224,0.426,0.539,0.12,0.086,0.625
2022,113,Uganda,4.432,0.785,1.144,0.201,0.425,0.197,0.051,1.628
2022,114,Chad,4.397,0.622,0.962,0.043,0.393,0.255,0.088,2.034
2022,115,Cambodia,4.393,1.025,1.024,0.283,0.768,0.176,0.051,1.068
2022,116,Benin,4.374,0.924,0.242,0.124,0.481,0.114,0.253,2.235
2022,117,Myanmar,4.372,1.032,1.125,0.269,0.46,0.4,0.194,0.893
2022,118,Bangladesh,4.282,1.133,0.513,0.355,0.617,0.139,0.165,1.361
2022,119,Gambia,4.279,0.761,0.614,0.174,0.286,0.332,0.033,2.081
2022,120,Mali,4.198,0.763,0.637,0.106,0.441,0.121,0.059,2.07
2022,121,Egypt,4.17,1.377,0.972,0.326,0.467,0.038,0.25,0.74
2022,122,Togo,4.137,0.77,0.642,0.161,0.367,0.149,0.136,1.913
2022,123,Jordan,4.12,1.292,0.98,0.438,0.517,0.056,0.173,0.663
2022,124,Ethiopia,4.091,0.793,1.114,0.25,0.451,0.283,0.101,1.099
2022,125,Liberia,4.042,0.628,0.644,0.141,0.471,0.219,0.071,1.869
2022,126,India,4.036,1.159,0.674,0.252,0.685,0.175,0.111,0.979
2022,127,Madagascar,4.019,0.632,0.779,0.178,0.187,0.177,0.134,1.932
2022,128,Zambia,3.982,0.914,0.89,0.095,0.545,0.189,0.08,1.27
2022,129,Tanzania,3.694,0.836,0.787,0.214,0.607,0.234,0.269,0.747
2022,130,Comoros,3.545,0.914,0.327,0.215,0.117,0.129,0.145,1.699
2022,131,Malawi,3.495,0.637,0.479,0.189,0.49,0.139,0.129,1.432
2022,132,Botswana,3.435,1.471,1.041,0.087,0.48,0.021,0.071,0.264
2022,133,DR Congo,3.207,0.531,0.784,0.105,0.375,0.183,0.068,1.162
2022,134,Zimbabwe,3.204,0.758,0.881,0.069,0.363,0.112,0.117,0.905
2022,135,Sierra Leone,3.138,0.67,0.54,0.092,0.371,0.193,0.051,1.221
2022,136,Lebanon,2.392,1.417,0.476,0.398,0.123,0.061,0.027,-0.11
2022,137,Afghanistan,1.859,0.645,0.0,0.087,0.0,0.093,0.059,0.976
2021,1,Finland,7.821,1.892,1.258,0.775,0.736,0.109,0.534,2.518
2021,2,Denmark,7.636,1.953,1.243,0.777,0.719,0.188,0.532,2.226
2021,3,Iceland,7.557,1.936,1.32,0.803,0.718,0.27,0.191,2.32
2021,4,Switzerland,7.512,2.026,1.226,0.822,0.677,0.147,0.461,2.153
2021,5,Netherlands,7.415,1.945,1.206,0.787,0.651,0.271,0.419,2.137
2021,6,Luxembourg,7.404,2.209,1.155,0.79,0.7,0.12,0.388,2.042
2021,7,Sweden,7.384,1.92,1.204,0.803,0.724,0.218,0.512,2.003
2021,8,Norway,7.365,1.997,1.239,0.786,0.728,0.217,0.474,1.925
2021,9,Israel,7.364,1.826,1.221,0.818,0.568,0.155,0.143,2.634
2021,10,New Zealand,7.2,1.852,1.235,0.752,0.68,0.245,0.483,1.954
2021,11,Austria,7.163,1.931,1.165,0.774,0.623,0.193,0.329,2.148
2021,12,Australia,7.162,1.9,1.203,0.772,0.676,0.258,0.341,2.011
2021,13,Ireland,7.041,2.129,1.166,0.779,0.627,0.19,0.408,1.743
2021,14,Germany,7.034,1.924,1.088,0.776,0.585,0.163,0.358,2.142
2021,15,Canada,7.025,1.886,1.188,0.783,0.659,0.217,0.368,1.924
2021,16,United States,6.977,1.982,1.182,0.628,0.574,0.22,0.177,2.214
2021,17,United Kingdom,6.943,1.867,1.143,0.75,0.597,0.289,0.329,1.967
2021,18,Czechia,6.92,1.815,1.26,0.715,0.66,0.158,0.048,2.263
2021,19,Belgium,6.805,1.907,1.106,0.764,0.492,0.049,0.204,2.283
2021,20,France,6.687,1.863,1.219,0.808,0.567,0.07,0.266,1.895
2021,21,Bahrain,6.647,1.854,1.029,0.625,0.693,0.199,0.155,2.092
2021,22,Slovenia,6.63,1.81,1.249,0.769,0.685,0.118,0.115,1.885
2021,23,Costa Rica,6.582,1.584,1.054,0.744,0.661,0.089,0.102,2.346
2021,24,United Arab Emirates,6.576,1.998,0.98,0.633,0.702,0.204,0.25,1.809
2021,25,Saudi Arabia,6.523,1.87,1.092,0.577,0.651,0.078,0.18,2.075
2021,26,Taiwan Province of China,6.512,1.897,1.095,0.733,0.542,0.075,0.168,2.002
2021,27,Singapore,6.48,2.149,1.127,0.851,0.672,0.163,0.587,0.932
2021,28,Romania,6.477,1.719,1.006,0.655,0.605,0.039,0.006,2.446
2021,29,Spain,6.476,1.808,1.211,0.808,0.505,0.101,0.149,1.893
2021,30,Uruguay,6.474,1.615,1.18,0.672,0.665,0.103,0.265,1.974
2021,31,Italy,6.467,1.834,1.052,0.801,0.412,0.085,0.059,2.222
2021,32,Kosovo,6.455,1.362,0.949,0.569,0.599,0.309,0.035,2.631
2021,33,Malta,6.447,1.838,1.169,0.789,0.679,0.174,0.166,1.631
2021,34,Lithuania,6.446,1.804,1.204,0.659,0.496,0.053,0.077,2.153
2021,35,Slovakia,6.391,1.736,1.232,0.707,0.479,0.118,0.025,2.094
2021,36,Estonia,6.341,1.793,1.232,0.728,0.689,0.123,0.333,1.442
2021,37,Panama,6.309,1.715,1.107,0.709,0.592,0.049,0.051,2.086
2021,38,Brazil,6.293,1.462,1.044,0.615,0.546,0.131,0.134,2.361
2021,39,Guatemala,6.262,1.274,0.831,0.522,0.662,0.112,0.115,2.746
2021,40,Kazakhstan,6.234,1.668,1.22,0.611,0.584,0.134,0.157,1.86
2021,41,Cyprus,6.221,1.815,0.909,0.819,0.448,0.123,0.062,2.044
2021,42,Latvia,6.18,1.732,1.221,0.637,0.502,0.075,0.09,1.923
2021,43,Serbia,6.178,1.55,1.086,0.658,0.546,0.219,0.088,2.031
2021,44,Chile,6.172,1.651,1.08,0.748,0.46,0.124,0.069,2.04
2021,45,Nicaragua,6.165,1.105,1.029,0.617,0.617,0.168,0.212,2.418
2021,46,Mexico,6.128,1.552,0.886,0.623,0.621,0.092,0.115,2.239
2021,47,Croatia,6.125,1.705,1.183,0.709,0.535,0.109,0.0,1.884
2021,48,Poland,6.123,1.758,1.174,0.712,0.523,0.124,0.14,1.693
2021,49,El Salvador,6.12,1.265,0.768,0.607,0.666,0.089,0.212,2.514
2021,50,Kuwait,6.106,1.904,0.983,0.747,0.617,0.087,0.147,1.621
2021,51,Hungary,6.086,1.748,1.233,0.668,0.485,0.078,0.064,1.812
2021,52,Mauritius,6.071,1.591,1.116,0.568,0.589,0.131,0.107,1.969
2021,53,Uzbekistan,6.063,1.219,1.092,0.6,0.716,0.283,0.24,1.913
2021,54,Japan,6.039,1.835,1.089,0.866,0.537,0.007,0.218,1.487
2021,55,Honduras,6.022,1.111,0.885,0.555,0.582,0.202,0.076,2.611
2021,56,Portugal,6.016,1.76,1.078,0.777,0.655,0.016,0.039,1.691
2021,57,Argentina,5.967,1.592,1.102,0.662,0.555,0.081,0.085,1.891
2021,58,Greece,5.948,1.703,0.98,0.774,0.249,0.015,0.108,2.119
2021,59,Republic of Korea,5.935,1.851,0.886,0.841,0.414,0.111,0.176,1.656
2021,60,Philippines,5.904,1.268,0.912,0.514,0.678,0.107,0.142,2.283
2021,61,Thailand,5.891,1.535,1.096,0.697,0.617,0.321,0.026,1.6
2021,62,Republic of Moldova,5.857,1.417,1.008,0.597,0.561,0.102,0.028,2.142
2021,63,Jamaica,5.85,1.296,1.045,0.646,0.567,0.08,0.053,2.164
2021,64,Kyrgyzstan,5.828,1.069,1.109,0.638,0.693,0.208,0.025,2.087
2021,65,Belarus,5.821,1.562,1.157,0.629,0.342,0.04,0.282,1.811
2021,66,Colombia,5.781,1.452,0.929,0.72,0.545,0.087,0.077,1.971
2021,67,Bosnia and Herzegovina,5.768,1.468,1.068,0.665,0.448,0.244,0.006,1.869
2021,68,Mongolia,5.761,1.393,1.197,0.467,0.398,0.247,0.059,1.999
2021,69,Dominican Republic,5.737,1.538,1.003,0.577,0.606,0.084,0.179,1.751
2021,70,Malaysia,5.711,1.689,0.938,0.62,0.654,0.213,0.126,1.471
2021,71,Bolivia,5.6,1.256,0.88,0.555,0.627,0.112,0.064,2.107
2021,72,China,5.585,1.508,0.958,0.705,0.656,0.099,0.142,1.516
2021,73,Paraguay,5.578,1.409,1.13,0.624,0.629,0.171,0.059,1.555
2021,74,Peru,5.559,1.397,0.865,0.735,0.545,0.09,0.037,1.89
2021,75,Montenegro,5.547,1.573,1.023,0.659,0.46,0.135,0.077,1.619
2021,76,Ecuador,5.533,1.352,0.879,0.708,0.565,0.08,0.083,1.866
2021,77,Viet Nam,5.485,1.252,0.932,0.611,0.707,0.143,0.105,1.735
2021,78,Turkmenistan,5.474,1.484,1.319,0.516,0.649,0.314,0.032,1.16
2021,79,North Cyprus,5.467,1.815,0.888,0.819,0.523,0.13,0.213,1.078
2021,80,Russian Federation,5.459,1.685,1.095,0.586,0.401,0.117,0.08,1.494
2021,81,Hong Kong SAR of China,5.425,1.957,0.954,0.942,0.4,0.147,0.383,0.642
2021,82,Armenia,5.399,1.434,0.82,0.668,0.558,0.054,0.21,1.654
2021,83,Tajikistan,5.377,0.966,1.005,0.518,0.572,0.118,0.304,1.895
2021,84,Nepal,5.377,0.984,0.784,0.499,0.519,0.237,0.13,2.224
2021,85,Bulgaria,5.371,1.625,1.163,0.64,0.563,0.123,0.021,1.235
2021,86,Libya,5.33,1.476,0.943,0.606,0.477,0.106,0.179,1.544
2021,87,Indonesia,5.24,1.382,0.883,0.539,0.62,0.468,0.047,1.3
2021,88,Côte d’Ivoire,5.235,1.094,0.442,0.322,0.451,0.149,0.124,2.652
2021,89,North Macedonia,5.199,1.505,0.863,0.637,0.488,0.215,0.031,1.461
2021,90,Albania,5.199,1.439,0.646,0.719,0.511,0.138,0.028,1.718
2021,91,South Africa,5.194,1.425,1.088,0.361,0.442,0.089,0.046,1.742
2021,92,Azerbaijan,5.173,1.458,1.093,0.56,0.601,0.023,0.341,1.098
2021,93,Gambia,5.164,0.785,0.621,0.369,0.367,0.388,0.103,2.531
2021,94,Bangladesh,5.155,1.06,0.614,0.581,0.622,0.125,0.187,1.967
2021,95,Lao PDR,5.14,1.239,0.654,0.479,0.679,0.197,0.184,1.709
2021,96,Algeria,5.122,1.363,0.97,0.643,0.146,0.106,0.15,1.744
2021,97,Liberia,5.122,0.636,0.67,0.309,0.405,0.178,0.08,2.844
2021,98,Ukraine,5.084,1.411,1.081,0.583,0.473,0.188,0.017,1.331
2021,99,Congo,5.075,0.95,0.405,0.355,0.431,0.13,0.146,2.658
2021,100,Morocco,5.06,1.208,0.268,0.565,0.492,0.02,0.102,2.405
2021,101,Mozambique,5.048,0.578,0.66,0.191,0.593,0.185,0.2,2.641
2021,102,Cameroon,5.048,0.968,0.672,0.317,0.397,0.152,0.074,2.469
2021,103,Senegal,5.046,0.933,0.53,0.447,0.494,0.143,0.081,2.419
2021,104,Niger,5.003,0.57,0.56,0.326,0.571,0.165,0.145,2.667
2021,105,Georgia,4.973,1.467,0.612,0.595,0.508,0.0,0.208,1.583
2021,106,Gabon,4.958,1.459,0.738,0.396,0.343,0.032,0.099,1.892
2021,107,Iraq,4.941,1.289,0.682,0.554,0.328,0.147,0.046,1.894
2021,108,Venezuela,4.925,0.0,0.968,0.578,0.283,0.225,0.082,2.79
2021,109,Guinea,4.891,0.848,0.566,0.275,0.334,0.214,0.116,2.538
2021,110,Iran,4.888,1.41,0.741,0.642,0.281,0.241,0.146,1.427
2021,111,Ghana,4.872,1.112,0.595,0.409,0.5,0.23,0.056,1.972
2021,112,Türkiye,4.744,1.707,0.865,0.702,0.209,0.087,0.115,1.059
2021,113,Burkina Faso,4.67,0.779,0.565,0.32,0.382,0.186,0.126,2.313
2021,114,Cambodia,4.64,1.019,0.732,0.505,0.74,0.166,0.068,1.41
2021,115,Benin,4.623,0.932,0.064,0.335,0.479,0.127,0.23,2.458
2021,116,Comoros,4.609,0.899,0.476,0.424,0.185,0.195,0.125,2.304
2021,117,Uganda,4.603,0.777,0.875,0.418,0.402,0.222,0.066,1.842
2021,118,Nigeria,4.552,1.079,0.732,0.3,0.444,0.175,0.038,1.784
2021,119,Kenya,4.543,1.032,0.605,0.401,0.44,0.322,0.082,1.661
2021,120,Tunisia,4.516,1.35,0.596,0.656,0.316,0.029,0.029,1.54
2021,121,Pakistan,4.516,1.049,0.413,0.374,0.448,0.181,0.112,1.94
2021,122,State of Palestine,4.483,1.148,0.957,0.521,0.336,0.073,0.079,1.368
2021,123,Mali,4.479,0.792,0.483,0.311,0.35,0.128,0.042,2.373
2021,124,Namibia,4.459,1.292,0.877,0.354,0.384,0.067,0.071,1.414
2021,125,Eswatini,4.396,1.274,0.786,0.197,0.259,0.038,0.154,1.688
2021,126,Myanmar,4.394,1.038,0.829,0.491,0.513,0.452,0.194,0.877
2021,127,Sri Lanka,4.362,1.415,0.934,0.66,0.529,0.15,0.079,0.595
2021,128,Madagascar,4.339,0.67,0.645,0.378,0.202,0.143,0.154,2.148
2021,129,Egypt,4.288,1.388,0.732,0.548,0.469,0.041,0.254,0.856
2021,130,Chad,4.251,0.662,0.506,0.225,0.18,0.182,0.077,2.419
2021,131,Ethiopia,4.241,0.788,0.809,0.457,0.472,0.205,0.136,1.375
2021,132,Yemen,4.197,0.691,1.043,0.384,0.33,0.09,0.098,1.561
2021,133,Mauritania,4.153,1.1,0.865,0.45,0.304,0.088,0.138,1.207
2021,134,Jordan,4.152,1.324,0.724,0.675,0.476,0.058,0.2,0.695
2021,135,Togo,4.112,0.771,0.322,0.36,0.292,0.174,0.132,2.061
2021,136,India,3.777,1.167,0.376,0.471,0.647,0.198,0.123,0.795
2021,137,Zambia,3.76,0.93,0.577,0.306,0.525,0.203,0.083,1.135
2021,138,Malawi,3.75,0.648,0.279,0.388,0.477,0.14,0.157,1.661
2021,139,Tanzania,3.702,0.848,0.597,0.425,0.578,0.248,0.27,0.735
2021,140,Sierra Leone,3.574,0.686,0.416,0.273,0.387,0.202,0.055,1.556
2021,141,Lesotho,3.512,0.839,0.848,0.0,0.419,0.076,0.018,1.312
2021,142,Botswana,3.471,1.503,0.815,0.28,0.571,0.012,0.102,0.187
2021,143,Rwanda,3.268,0.785,0.133,0.462,0.621,0.187,0.544,0.536
2021,144,Zimbabwe,2.995,0.947,0.69,0.27,0.329,0.106,0.105,0.548
2021,145,Lebanon,2.955,1.392,0.498,0.631,0.103,0.082,0.034,0.216
2021,146,Afghanistan,2.404,0.758,0.0,0.289,0.0,0.089,0.005,1.263
2020,1,Finland,7.842,1.446,1.106,0.741,0.691,0.124,0.481,3.253
2020,2,Denmark,7.62,1.502,1.108,0.763,0.686,0.208,0.485,2.868
2020,3,Switzerland,7.571,1.566,1.079,0.816,0.653,0.204,0.413,2.839
2020,4,Iceland,7.554,1.482,1.172,0.772,0.698,0.293,0.17,2.967
2020,5,Netherlands,7.464,1.501,1.079,0.753,0.647,0.302,0.384,2.798
2020,6,Norway,7.392,1.543,1.108,0.782,0.703,0.249,0.427,2.58
2020,7,Sweden,7.363,1.478,1.062,0.763,0.685,0.244,0.448,2.683
2020,8,Luxembourg,7.324,1.751,1.003,0.76,0.639,0.166,0.353,2.653
2020,9,New Zealand,7.277,1.4,1.094,0.785,0.665,0.276,0.445,2.612
2020,10,Austria,7.268,1.492,1.062,0.782,0.64,0.215,0.292,2.784
2020,11,Australia,7.183,1.453,1.076,0.801,0.647,0.291,0.317,2.598
2020,12,Israel,7.157,1.376,1.074,0.788,0.509,0.208,0.119,3.083
2020,13,Germany,7.155,1.48,0.993,0.757,0.6,0.195,0.306,2.824
2020,14,Canada,7.103,1.447,1.044,0.798,0.648,0.246,0.335,2.585
2020,15,Ireland,7.085,1.644,1.092,0.753,0.606,0.238,0.367,2.384
2020,16,Costa Rica,7.069,1.134,0.966,0.722,0.673,0.105,0.083,3.387
2020,17,United Kingdom,7.064,1.423,1.062,0.757,0.58,0.34,0.306,2.596
2020,18,Czechia,6.965,1.37,1.09,0.703,0.58,0.052,0.046,3.124
2020,19,United States,6.951,1.533,1.03,0.621,0.554,0.252,0.154,2.807
2020,20,Belgium,6.834,1.463,0.998,0.747,0.489,0.088,0.187,2.862
2020,21,France,6.69,1.421,1.081,0.804,0.536,0.092,0.235,2.521
2020,22,Bahrain,6.647,1.409,0.899,0.662,0.661,0.246,0.139,2.631
2020,23,Malta,6.602,1.411,1.055,0.747,0.664,0.275,0.183,2.268
2020,24,Taiwan Province of China,6.584,1.48,0.982,0.665,0.49,0.142,0.139,2.687
2020,25,United Arab Emirates,6.561,1.555,0.86,0.594,0.67,0.236,0.223,2.422
2020,26,Saudi Arabia,6.494,1.435,0.964,0.571,0.603,0.09,0.163,2.668
2020,27,Spain,6.491,1.375,1.057,0.826,0.462,0.135,0.124,2.513
2020,28,Italy,6.483,1.393,0.94,0.798,0.379,0.133,0.047,2.794
2020,29,Slovenia,6.461,1.36,1.093,0.722,0.69,0.122,0.085,2.388
2020,30,Guatemala,6.435,0.845,0.79,0.519,0.638,0.163,0.105,3.375
2020,31,Uruguay,6.431,1.164,1.042,0.649,0.625,0.128,0.223,2.6
2020,32,Singapore,6.377,1.695,1.019,0.897,0.664,0.176,0.547,1.379
2020,33,Kosovo,6.372,0.937,0.807,0.483,0.593,0.356,0.014,3.182
2020,34,Slovakia,6.331,1.304,1.066,0.653,0.468,0.107,0.018,2.714
2020,35,Brazil,6.33,1.028,0.944,0.571,0.514,0.142,0.117,3.015
2020,36,Mexico,6.317,1.126,0.83,0.634,0.585,0.092,0.089,2.961
2020,37,Jamaica,6.309,0.891,0.932,0.599,0.618,0.099,0.035,3.135
2020,38,Lithuania,6.255,1.35,1.065,0.612,0.476,0.056,0.073,2.624
2020,39,Cyprus,6.223,1.377,0.765,0.801,0.464,0.178,0.061,2.578
2020,40,Estonia,6.189,1.344,1.079,0.64,0.641,0.119,0.263,2.103
2020,41,Panama,6.18,1.298,0.976,0.667,0.596,0.079,0.053,2.509
2020,42,Uzbekistan,6.179,0.769,1.027,0.528,0.716,0.391,0.271,2.477
2020,43,Chile,6.172,1.2,0.946,0.678,0.438,0.159,0.07,2.682
2020,44,Poland,6.166,1.309,0.982,0.668,0.558,0.08,0.13,2.438
2020,45,Kazakhstan,6.152,1.23,1.103,0.527,0.573,0.143,0.132,2.446
2020,46,Romania,6.14,1.275,0.832,0.595,0.564,0.045,0.001,2.83
2020,47,Kuwait,6.106,1.461,0.857,0.58,0.591,0.12,0.13,2.368
2020,48,Serbia,6.078,1.101,0.924,0.634,0.482,0.189,0.066,2.682
2020,49,El Salvador,6.061,0.845,0.675,0.565,0.615,0.116,0.16,3.085
2020,50,Mauritius,6.049,1.178,0.996,0.574,0.59,0.153,0.096,2.462
2020,51,Latvia,6.032,1.285,1.047,0.587,0.405,0.082,0.089,2.536
2020,52,Colombia,6.012,1.021,0.866,0.615,0.554,0.1,0.063,2.794
2020,53,Hungary,5.992,1.301,1.083,0.615,0.454,0.067,0.04,2.432
2020,54,Thailand,5.985,1.107,0.957,0.596,0.611,0.375,0.028,2.309
2020,55,Nicaragua,5.972,0.693,0.904,0.604,0.553,0.201,0.176,2.841
2020,56,Japan,5.94,1.389,0.949,0.838,0.504,0.02,0.192,2.048
2020,57,Argentina,5.929,1.162,0.98,0.646,0.544,0.069,0.067,2.461
2020,58,Portugal,5.929,1.323,0.939,0.76,0.621,0.029,0.033,2.225
2020,59,Honduras,5.919,0.703,0.787,0.593,0.578,0.241,0.083,2.934
2020,60,Croatia,5.882,1.251,1.039,0.703,0.453,0.111,0.0,2.325
2020,61,Philippines,5.88,0.853,0.828,0.426,0.651,0.125,0.126,2.872
2020,62,Republic of Korea,5.845,1.403,0.758,0.801,0.353,0.134,0.135,2.262
2020,63,Peru,5.84,0.986,0.833,0.623,0.536,0.087,0.031,2.744
2020,64,Bosnia and Herzegovina,5.813,1.032,0.919,0.618,0.395,0.261,0.005,2.583
2020,65,Republic of Moldova,5.766,0.985,0.888,0.542,0.536,0.137,0.013,2.665
2020,66,Ecuador,5.764,0.935,0.806,0.64,0.56,0.107,0.062,2.653
2020,67,Kyrgyzstan,5.744,0.665,0.971,0.501,0.673,0.266,0.02,2.648
2020,68,Greece,5.723,1.273,0.811,0.76,0.243,0.0,0.074,2.561
2020,69,Bolivia,5.716,0.842,0.782,0.486,0.6,0.138,0.064,2.805
2020,70,Mongolia,5.677,0.966,1.065,0.442,0.397,0.263,0.053,2.492
2020,71,Paraguay,5.653,0.983,0.97,0.549,0.602,0.206,0.037,2.306
2020,72,Montenegro,5.581,1.155,0.891,0.637,0.397,0.166,0.081,2.254
2020,73,Dominican Republic,5.545,1.106,0.879,0.555,0.581,0.101,0.144,2.178
2020,74,North Cyprus,5.536,1.377,0.806,0.801,0.503,0.196,0.2,1.653
2020,75,Belarus,5.534,1.124,1.007,0.56,0.326,0.07,0.199,2.247
2020,76,Russian Federation,5.477,1.241,0.992,0.511,0.409,0.115,0.06,2.148
2020,77,Hong Kong SAR of China,5.477,1.525,0.841,0.893,0.408,0.232,0.342,1.236
2020,78,Tajikistan,5.466,0.508,0.895,0.498,0.548,0.152,0.247,2.619
2020,79,Viet Nam,5.411,0.817,0.873,0.616,0.679,0.124,0.091,2.211
2020,80,Libya,5.41,1.044,0.821,0.435,0.474,0.131,0.174,2.331
2020,81,Malaysia,5.384,1.259,0.797,0.587,0.624,0.27,0.064,1.784
2020,82,Indonesia,5.345,0.954,0.786,0.433,0.598,0.541,0.046,1.987
2020,83,Congo,5.342,0.518,0.392,0.307,0.381,0.144,0.124,3.476
2020,84,China,5.339,1.061,0.785,0.665,0.636,0.093,0.117,1.982
2020,85,Côte d’Ivoire,5.306,0.669,0.409,0.052,0.438,0.177,0.092,3.469
2020,86,Armenia,5.283,0.996,0.758,0.585,0.54,0.079,0.198,2.127
2020,87,Nepal,5.269,0.519,0.702,0.496,0.488,0.287,0.135,2.642
2020,88,Bulgaria,5.266,1.181,1.055,0.583,0.494,0.125,0.005,1.823
2020,89,Maldives,5.198,1.115,1.015,0.697,0.575,0.204,0.073,1.52
2020,90,Azerbaijan,5.171,1.025,0.841,0.541,0.526,0.043,0.276,1.919
2020,91,Cameroon,5.142,0.543,0.556,0.159,0.425,0.205,0.058,3.195
2020,92,Senegal,5.132,0.518,0.558,0.357,0.381,0.158,0.088,3.071
2020,93,Albania,5.117,1.008,0.529,0.646,0.491,0.168,0.024,2.25
2020,94,North Macedonia,5.101,1.068,0.772,0.535,0.45,0.212,0.022,2.042
2020,95,Ghana,5.088,0.68,0.595,0.287,0.517,0.268,0.058,2.684
2020,96,Niger,5.074,0.162,0.402,0.167,0.516,0.2,0.157,3.47
2020,97,Turkmenistan,5.066,1.046,1.172,0.439,0.602,0.366,0.033,1.409
2020,98,Gambia,5.051,0.367,0.511,0.21,0.384,0.465,0.123,2.99
2020,99,Benin,5.045,0.507,0.058,0.196,0.457,0.166,0.178,3.482
2020,100,Lao PDR,5.03,0.808,0.598,0.33,0.643,0.268,0.179,2.204
2020,101,Bangladesh,5.025,0.635,0.52,0.514,0.603,0.161,0.164,2.427
2020,102,Guinea,4.984,0.42,0.399,0.206,0.384,0.25,0.111,3.216
2020,103,South Africa,4.956,0.967,0.895,0.265,0.447,0.144,0.051,2.187
2020,104,Türkiye,4.948,1.26,0.809,0.59,0.236,0.097,0.104,1.852
2020,105,Pakistan,4.934,0.637,0.423,0.322,0.418,0.252,0.097,2.784
2020,106,Morocco,4.918,0.792,0.219,0.558,0.477,0.034,0.088,2.749
2020,107,Venezuela,4.892,0.852,0.897,0.574,0.284,0.078,0.072,2.135
2020,108,Georgia,4.891,1.03,0.47,0.498,0.488,0.032,0.181,2.191
2020,109,Algeria,4.887,0.946,0.765,0.552,0.119,0.144,0.12,2.242
2020,110,Ukraine,4.875,0.979,0.958,0.517,0.417,0.181,0.01,1.813
2020,111,Iraq,4.854,0.91,0.638,0.381,0.302,0.153,0.041,2.429
2020,112,Gabon,4.852,1.037,0.707,0.362,0.424,0.058,0.064,2.201
2020,113,Burkina Faso,4.834,0.364,0.472,0.179,0.381,0.182,0.122,3.133
2020,114,Cambodia,4.83,0.603,0.68,0.426,0.702,0.21,0.061,2.148
2020,115,Mozambique,4.794,0.183,0.634,0.196,0.608,0.228,0.163,2.783
2020,116,Nigeria,4.759,0.663,0.625,0.051,0.433,0.212,0.039,2.736
2020,117,Mali,4.723,0.387,0.59,0.11,0.384,0.164,0.072,3.016
2020,118,Iran,4.721,1.03,0.557,0.561,0.275,0.33,0.144,1.823
2020,119,Uganda,4.636,0.364,0.718,0.24,0.398,0.267,0.054,2.596
2020,120,Liberia,4.625,0.228,0.58,0.253,0.43,0.221,0.057,2.857
2020,121,Kenya,4.607,0.603,0.508,0.385,0.483,0.375,0.073,2.18
2020,122,Tunisia,4.596,0.919,0.515,0.59,0.334,0.057,0.044,2.138
2020,123,Lebanon,4.584,1.045,0.868,0.595,0.175,0.14,0.026,1.736
2020,124,Namibia,4.574,0.882,0.801,0.262,0.411,0.091,0.059,2.068
2020,125,State of Palestine,4.517,0.646,0.819,0.434,0.33,0.082,0.075,2.131
2020,126,Myanmar,4.426,0.666,0.713,0.341,0.601,0.52,0.178,1.407
2020,127,Jordan,4.395,0.89,0.685,0.583,0.455,0.079,0.15,1.553
2020,128,Chad,4.355,0.255,0.353,0.0,0.24,0.215,0.084,3.209
2020,129,Sri Lanka,4.325,0.99,0.82,0.593,0.559,0.239,0.049,1.075
2020,130,Swaziland,4.308,0.849,0.693,0.074,0.323,0.067,0.147,2.155
2020,131,Comoros,4.289,0.488,0.367,0.279,0.202,0.241,0.101,2.61
2020,132,Egypt,4.283,0.954,0.647,0.426,0.446,0.069,0.092,1.648
2020,133,Ethiopia,4.275,0.37,0.679,0.331,0.451,0.241,0.114,2.089
2020,134,Mauritania,4.227,0.666,0.749,0.273,0.218,0.119,0.133,2.069
2020,135,Madagascar,4.208,0.266,0.503,0.341,0.207,0.185,0.087,2.62
2020,136,Togo,4.107,0.254,0.239,0.203,0.289,0.209,0.107,2.806
2020,137,Zambia,4.073,0.528,0.552,0.231,0.487,0.227,0.074,1.975
2020,138,Sierra Leone,3.849,0.279,0.377,0.1,0.408,0.243,0.047,2.396
2020,139,India,3.819,0.741,0.316,0.383,0.622,0.246,0.106,1.405
2020,140,Burundi,3.775,0.0,0.062,0.155,0.298,0.172,0.212,2.876
2020,141,Yemen,3.658,0.329,0.831,0.272,0.268,0.092,0.089,1.776
2020,142,Tanzania,3.623,0.433,0.54,0.3,0.549,0.307,0.231,1.263
2020,143,Haiti,3.615,0.294,0.173,0.227,0.257,0.463,0.139,2.06
2020,144,Malawi,3.6,0.113,0.168,0.298,0.484,0.213,0.134,2.19
2020,145,Lesotho,3.512,0.451,0.731,0.007,0.405,0.103,0.015,1.8
2020,146,Botswana,3.467,1.099,0.724,0.34,0.539,0.027,0.088,0.648
2020,147,Rwanda,3.415,0.364,0.202,0.407,0.627,0.227,0.493,1.095
2020,148,Zimbabwe,3.145,0.457,0.649,0.243,0.359,0.157,0.075,1.205
2020,149,Afghanistan,2.523,0.37,0.0,0.126,0.0,0.122,0.01,1.895
2019,1,Finland,7.809,1.285,1.5,0.961,0.662,0.16,0.478,2.763
2019,2,Denmark,7.646,1.327,1.503,0.979,0.665,0.243,0.495,2.433
2019,3,Switzerland,7.56,1.391,1.472,1.041,0.629,0.269,0.408,2.35
2019,4,Iceland,7.504,1.327,1.548,1.001,0.662,0.362,0.145,2.461
2019,5,Norway,7.488,1.424,1.495,1.008,0.67,0.288,0.434,2.168
2019,6,Netherlands,7.449,1.339,1.464,0.976,0.614,0.336,0.369,2.352
2019,7,Sweden,7.353,1.322,1.433,0.986,0.65,0.273,0.442,2.246
2019,8,New Zealand,7.3,1.242,1.487,1.008,0.647,0.326,0.461,2.128
2019,9,Austria,7.294,1.317,1.437,1.001,0.603,0.256,0.281,2.398
2019,10,Luxembourg,7.238,1.537,1.388,0.986,0.61,0.196,0.367,2.154
2019,11,Canada,7.232,1.302,1.435,1.023,0.644,0.282,0.352,2.195
2019,12,Australia,7.223,1.31,1.477,1.023,0.622,0.325,0.336,2.13
2019,13,United Kingdom,7.165,1.273,1.458,0.976,0.525,0.373,0.323,2.237
2019,14,Israel,7.129,1.216,1.403,1.008,0.421,0.267,0.1,2.713
2019,15,Costa Rica,7.121,0.981,1.375,0.94,0.645,0.131,0.096,2.953
2019,16,Ireland,7.094,1.447,1.471,0.976,0.588,0.295,0.373,1.944
2019,17,Germany,7.076,1.314,1.369,0.972,0.564,0.252,0.309,2.295
2019,18,United States,6.94,1.374,1.405,0.832,0.535,0.298,0.152,2.344
2019,19,Czechia,6.911,1.212,1.405,0.895,0.506,0.046,0.05,2.797
2019,20,Belgium,6.864,1.296,1.399,0.965,0.5,0.147,0.209,2.349
2019,21,United Arab Emirates,6.791,1.431,1.251,0.788,0.653,0.281,0.22,2.167
2019,22,Malta,6.773,1.253,1.443,0.972,0.633,0.341,0.179,1.952
2019,23,France,6.664,1.268,1.459,1.03,0.514,0.113,0.227,2.053
2019,24,Mexico,6.465,1.024,1.226,0.832,0.554,0.083,0.083,2.663
2019,25,Taiwan Province of China,6.455,1.327,1.358,0.878,0.449,0.151,0.132,2.16
2019,26,Uruguay,6.44,1.071,1.425,0.857,0.594,0.132,0.193,2.167
2019,27,Saudi Arabia,6.406,1.334,1.31,0.76,0.548,0.087,0.163,2.203
2019,28,Spain,6.401,1.231,1.421,1.051,0.426,0.165,0.11,1.997
2019,29,Guatemala,6.399,0.754,1.174,0.706,0.613,0.171,0.098,2.883
2019,30,Italy,6.387,1.236,1.347,1.023,0.321,0.17,0.04,2.25
2019,31,Singapore,6.377,1.52,1.395,1.138,0.635,0.219,0.533,0.937
2019,32,Brazil,6.376,0.953,1.363,0.766,0.483,0.132,0.107,2.572
2019,33,Slovenia,6.363,1.209,1.465,0.933,0.647,0.146,0.077,1.889
2019,34,El Salvador,6.348,0.749,1.149,0.753,0.524,0.119,0.117,2.937
2019,35,Kosovo,6.325,0.84,1.184,0.673,0.557,0.325,0.009,2.737
2019,36,Panama,6.305,1.098,1.376,0.879,0.58,0.097,0.054,2.221
2019,37,Slovakia,6.281,1.195,1.424,0.853,0.424,0.117,0.011,2.256
2019,38,Uzbekistan,6.258,0.697,1.434,0.717,0.693,0.363,0.28,2.073
2019,39,Chile,6.228,1.097,1.323,0.889,0.417,0.156,0.063,2.283
2019,40,Bahrain,6.227,1.297,1.315,0.839,0.61,0.287,0.127,1.752
2019,41,Lithuania,6.215,1.194,1.433,0.795,0.42,0.054,0.081,2.238
2019,42,Trinidad and Tobago,6.192,1.168,1.407,0.659,0.553,0.199,0.015,2.191
2019,43,Poland,6.186,1.169,1.31,0.868,0.558,0.063,0.161,2.057
2019,44,Colombia,6.163,0.932,1.334,0.81,0.527,0.092,0.046,2.422
2019,45,Cyprus,6.159,1.213,1.149,1.026,0.459,0.228,0.051,2.032
2019,46,Nicaragua,6.137,0.62,1.271,0.803,0.56,0.213,0.174,2.496
2019,47,Romania,6.124,1.12,1.194,0.792,0.535,0.068,0.001,2.413
2019,48,Kuwait,6.102,1.425,1.245,0.776,0.57,0.133,0.113,1.84
2019,49,Mauritius,6.101,1.074,1.396,0.763,0.591,0.187,0.084,2.007
2019,50,Kazakhstan,6.058,1.123,1.453,0.699,0.497,0.154,0.11,2.022
2019,51,Estonia,6.022,1.192,1.453,0.843,0.577,0.125,0.202,1.63
2019,52,Philippines,6.006,0.775,1.245,0.602,0.622,0.129,0.13,2.502
2019,53,Hungary,6.0,1.164,1.423,0.807,0.386,0.07,0.028,2.122
2019,54,Thailand,5.999,1.007,1.348,0.794,0.609,0.377,0.032,1.832
2019,55,Argentina,5.975,1.028,1.373,0.85,0.521,0.07,0.06,2.073
2019,56,Honduras,5.953,0.599,1.187,0.792,0.568,0.257,0.087,2.464
2019,57,Latvia,5.95,1.141,1.414,0.778,0.329,0.075,0.09,2.121
2019,58,Ecuador,5.925,0.853,1.221,0.839,0.555,0.115,0.087,2.255
2019,59,Portugal,5.911,1.169,1.34,0.979,0.59,0.053,0.028,1.753
2019,60,Jamaica,5.89,0.779,1.408,0.788,0.553,0.116,0.03,2.214
2019,61,Republic of Korea,5.872,1.245,1.134,1.023,0.259,0.17,0.095,1.947
2019,62,Japan,5.871,1.267,1.332,1.073,0.495,0.036,0.181,1.486
2019,63,Peru,5.797,0.919,1.208,0.824,0.513,0.092,0.027,2.213
2019,64,Serbia,5.778,0.988,1.327,0.828,0.395,0.15,0.059,2.029
2019,65,Bolivia,5.747,0.731,1.142,0.662,0.574,0.138,0.073,2.426
2019,66,Pakistan,5.693,0.617,0.873,0.47,0.405,0.229,0.123,2.977
2019,67,Paraguay,5.692,0.898,1.368,0.736,0.587,0.204,0.065,1.834
2019,68,Dominican Republic,5.689,0.983,1.329,0.742,0.563,0.112,0.116,1.844
2019,69,Bosnia and Herzegovina,5.674,0.918,1.204,0.814,0.305,0.264,0.001,2.167
2019,70,Republic of Moldova,5.608,0.708,1.237,0.713,0.39,0.174,0.014,2.371
2019,71,Tajikistan,5.556,0.475,1.218,0.681,0.521,0.182,0.222,2.257
2019,72,Montenegro,5.546,1.01,1.266,0.839,0.303,0.149,0.098,1.881
2019,73,Russian Federation,5.546,1.127,1.379,0.68,0.399,0.099,0.046,1.816
2019,74,Kyrgyzstan,5.542,0.513,1.341,0.681,0.615,0.301,0.03,2.06
2019,75,Belarus,5.54,1.019,1.387,0.753,0.291,0.09,0.194,1.807
2019,76,North Cyprus,5.536,1.213,1.183,1.026,0.478,0.199,0.2,1.237
2019,77,Greece,5.515,1.128,1.169,0.979,0.174,0.0,0.049,2.016
2019,78,Hong Kong SAR of China,5.51,1.377,1.244,1.137,0.459,0.288,0.332,0.673
2019,79,Croatia,5.505,1.109,1.311,0.901,0.381,0.114,0.012,1.676
2019,80,Libya,5.489,1.022,1.196,0.616,0.451,0.143,0.172,1.889
2019,81,Mongolia,5.456,0.905,1.459,0.616,0.356,0.264,0.047,1.811
2019,82,Malaysia,5.384,1.168,1.174,0.789,0.597,0.275,0.062,1.319
2019,83,Viet Nam,5.353,0.718,1.253,0.819,0.651,0.136,0.09,1.686
2019,84,Indonesia,5.286,0.892,1.155,0.61,0.568,0.543,0.038,1.48
2019,85,Côte d’Ivoire,5.233,0.537,0.8,0.155,0.397,0.17,0.093,3.081
2019,86,Benin,5.216,0.366,0.352,0.328,0.406,0.197,0.126,3.441
2019,87,Maldives,5.198,0.938,1.402,0.914,0.548,0.224,0.072,1.099
2019,88,Congo,5.194,0.634,0.758,0.458,0.387,0.117,0.119,2.723
2019,89,Azerbaijan,5.165,0.99,1.181,0.731,0.468,0.04,0.247,1.508
2019,90,North Macedonia,5.16,0.935,1.183,0.803,0.41,0.186,0.025,1.618
2019,91,Ghana,5.148,0.576,0.966,0.432,0.477,0.261,0.057,2.378
2019,92,Nepal,5.137,0.444,1.101,0.669,0.481,0.301,0.128,2.014
2019,93,Türkiye,5.132,1.127,1.197,0.781,0.254,0.086,0.121,1.565
2019,94,China,5.124,0.991,1.132,0.867,0.602,0.079,0.117,1.336
2019,95,Turkmenistan,5.119,1.009,1.51,0.612,0.515,0.323,0.034,1.115
2019,96,Bulgaria,5.102,1.047,1.461,0.778,0.418,0.104,0.0,1.295
2019,97,Morocco,5.095,0.759,0.645,0.745,0.45,0.04,0.077,2.378
2019,98,Cameroon,5.085,0.504,0.9,0.27,0.439,0.198,0.054,2.719
2019,99,Venezuela,5.053,0.77,1.349,0.767,0.272,0.087,0.064,1.745
2019,100,Algeria,5.005,0.944,1.143,0.745,0.084,0.119,0.129,1.841
2019,101,Senegal,4.981,0.504,0.955,0.518,0.352,0.164,0.082,2.405
2019,102,Guinea,4.949,0.39,0.751,0.334,0.372,0.249,0.112,2.741
2019,103,Niger,4.91,0.108,0.704,0.299,0.435,0.208,0.138,3.018
2019,104,Lao PDR,4.889,0.715,0.987,0.486,0.612,0.273,0.194,1.621
2019,105,Albania,4.883,0.907,0.83,0.846,0.462,0.171,0.025,1.641
2019,106,Cambodia,4.848,0.545,1.071,0.588,0.675,0.233,0.073,1.663
2019,107,Bangladesh,4.833,0.556,0.869,0.695,0.604,0.177,0.177,1.755
2019,108,Gabon,4.829,0.988,1.106,0.523,0.369,0.052,0.056,1.735
2019,109,South Africa,4.814,0.902,1.259,0.407,0.435,0.126,0.06,1.625
2019,110,Iraq,4.785,0.982,1.011,0.529,0.284,0.153,0.073,1.752
2019,111,Lebanon,4.772,0.889,1.192,0.789,0.186,0.159,0.022,1.536
2019,112,Burkina Faso,4.769,0.302,0.929,0.313,0.322,0.186,0.126,2.589
2019,113,Gambia,4.751,0.257,0.883,0.353,0.403,0.426,0.158,2.27
2019,114,Mali,4.729,0.352,0.973,0.235,0.378,0.17,0.062,2.559
2019,115,Nigeria,4.724,0.646,0.987,0.168,0.435,0.221,0.048,2.22
2019,116,Armenia,4.677,0.808,1.035,0.776,0.378,0.107,0.105,1.468
2019,117,Georgia,4.673,0.847,0.731,0.695,0.485,0.048,0.174,1.692
2019,118,Iran,4.672,1.029,0.886,0.749,0.301,0.277,0.143,1.287
2019,119,Jordan,4.633,0.785,1.14,0.778,0.425,0.091,0.152,1.262
2019,120,Mozambique,4.624,0.179,0.955,0.324,0.561,0.22,0.163,2.221
2019,121,Kenya,4.583,0.476,0.905,0.536,0.519,0.394,0.067,1.685
2019,122,Namibia,4.571,0.84,1.246,0.407,0.445,0.076,0.054,1.503
2019,123,Ukraine,4.561,0.78,1.321,0.699,0.319,0.179,0.01,1.253
2019,124,Liberia,4.558,0.174,0.921,0.392,0.406,0.227,0.051,2.387
2019,125,State of Palestine,4.553,0.588,1.195,0.614,0.299,0.092,0.072,1.694
2019,126,Uganda,4.432,0.312,1.052,0.378,0.402,0.265,0.064,1.959
2019,127,Chad,4.423,0.302,0.739,0.109,0.229,0.211,0.086,2.747
2019,128,Tunisia,4.392,0.875,0.872,0.781,0.236,0.056,0.044,1.528
2019,129,Mauritania,4.375,0.54,1.113,0.425,0.186,0.129,0.122,1.86
2019,130,Sri Lanka,4.327,0.898,1.195,0.792,0.529,0.253,0.049,0.611
2019,131,DR Congo,4.311,0.062,0.833,0.277,0.365,0.254,0.081,2.438
2019,132,Swaziland,4.308,0.828,1.065,0.216,0.3,0.067,0.147,1.686
2019,133,Myanmar,4.308,0.678,1.098,0.495,0.597,0.57,0.188,0.681
2019,134,Comoros,4.289,0.416,0.723,0.437,0.181,0.259,0.1,2.173
2019,135,Togo,4.187,0.268,0.548,0.343,0.304,0.201,0.115,2.41
2019,136,Ethiopia,4.186,0.315,1.001,0.484,0.413,0.228,0.117,1.628
2019,137,Madagascar,4.166,0.245,0.824,0.501,0.193,0.191,0.076,2.136
2019,138,Egypt,4.151,0.875,0.983,0.597,0.374,0.069,0.095,1.159
2019,139,Sierra Leone,3.926,0.241,0.748,0.204,0.382,0.258,0.048,2.046
2019,140,Burundi,3.775,0.0,0.404,0.295,0.275,0.187,0.212,2.402
2019,141,Zambia,3.759,0.537,0.896,0.364,0.491,0.251,0.087,1.134
2019,142,Haiti,3.721,0.285,0.647,0.374,0.169,0.464,0.162,1.62
2019,143,Lesotho,3.653,0.455,1.089,0.101,0.409,0.103,0.05,1.446
2019,144,India,3.573,0.731,0.644,0.541,0.581,0.237,0.106,0.734
2019,145,Malawi,3.538,0.177,0.53,0.446,0.487,0.213,0.132,1.553
2019,146,Yemen,3.527,0.393,1.177,0.415,0.244,0.095,0.087,1.116
2019,147,Botswana,3.479,0.998,1.086,0.494,0.509,0.033,0.102,0.257
2019,148,Tanzania,3.476,0.457,0.873,0.443,0.509,0.272,0.204,0.719
2019,149,Central African Republic,3.476,0.041,0.0,0.0,0.293,0.254,0.028,2.86
2019,150,Rwanda,3.312,0.343,0.523,0.572,0.604,0.236,0.486,0.548
2019,151,Zimbabwe,3.299,0.426,1.048,0.375,0.377,0.151,0.081,0.841
2019,152,South Sudan,2.817,0.289,0.553,0.209,0.066,0.21,0.111,1.379
2019,153,Afghanistan,2.567,0.301,0.356,0.266,0.0,0.135,0.001,1.507
2018,1,Finland,7.769,,,,,,,
2018,2,Denmark,7.6,,,,,,,
2018,3,Norway,7.554,,,,,,,
2018,4,Iceland,7.494,,,,,,,
2018,5,Netherlands,7.488,,,,,,,
2018,6,Switzerland,7.48,,,,,,,
2018,7,Sweden,7.343,,,,,,,
2018,8,New Zealand,7.307,,,,,,,
2018,9,Canada,7.278,,,,,,,
2018,10,Austria,7.246,,,,,,,
2018,11,Australia,7.228,,,,,,,
2018,12,Costa Rica,7.167,,,,,,,
2018,13,Israel,7.139,,,,,,,
2018,14,Luxembourg,7.09,,,,,,,
2018,15,United Kingdom,7.054,,,,,,,
2018,16,Ireland,7.021,,,,,,,
2018,17,Germany,6.985,,,,,,,
2018,18,Belgium,6.923,,,,,,,
2018,19,United States,6.892,,,,,,,
2018,20,Czechia,6.852,,,,,,,
2018,21,United Arab Emirates,6.825,,,,,,,
2018,22,Malta,6.726,,,,,,,
2018,23,Mexico,6.595,,,,,,,
2018,24,France,6.592,,,,,,,
2018,25,Taiwan Province of China,6.446,,,,,,,
2018,26,Chile,6.444,,,,,,,
2018,27,Guatemala,6.436,,,,,,,
2018,28,Saudi Arabia,6.375,,,,,,,
2018,29,Qatar,6.374,,,,,,,
2018,30,Spain,6.354,,,,,,,
2018,31,Panama,6.321,,,,,,,
2018,32,Brazil,6.3,,,,,,,
2018,33,Uruguay,6.293,,,,,,,
2018,34,Singapore,6.262,,,,,,,
2018,35,El Salvador,6.253,,,,,,,
2018,36,Italy,6.223,,,,,,,
2018,37,Bahrain,6.199,,,,,,,
2018,38,Slovakia,6.198,,,,,,,
2018,39,Trinidad and Tobago,6.192,,,,,,,
2018,40,Poland,6.182,,,,,,,
2018,41,Uzbekistan,6.174,,,,,,,
2018,42,Lithuania,6.149,,,,,,,
2018,43,Colombia,6.125,,,,,,,
2018,44,Slovenia,6.118,,,,,,,
2018,45,Nicaragua,6.105,,,,,,,
2018,46,Kosovo,6.1,,,,,,,
2018,47,Argentina,6.086,,,,,,,
2018,48,Romania,6.07,,,,,,,
2018,49,Cyprus,6.046,,,,,,,
2018,50,Ecuador,6.028,,,,,,,
2018,51,Kuwait,6.021,,,,,,,
2018,52,Thailand,6.008,,,,,,,
2018,53,Latvia,5.94,,,,,,,
2018,54,Republic of Korea,5.895,,,,,,,
2018,55,Estonia,5.893,,,,,,,
2018,56,Jamaica,5.89,,,,,,,
2018,57,Mauritius,5.888,,,,,,,
2018,58,Japan,5.886,,,,,,,
2018,59,Honduras,5.86,,,,,,,
2018,60,Kazakhstan,5.809,,,,,,,
2018,61,Bolivia,5.779,,,,,,,
2018,62,Hungary,5.758,,,,,,,
2018,63,Paraguay,5.743,,,,,,,
2018,64,North Cyprus,5.718,,,,,,,
2018,65,Peru,5.697,,,,,,,
2018,66,Portugal,5.693,,,,,,,
2018,67,Pakistan,5.653,,,,,,,
2018,68,Russian Federation,5.648,,,,,,,
2018,69,Philippines,5.631,,,,,,,
2018,70,Serbia,5.603,,,,,,,
2018,71,Republic of Moldova,5.529,,,,,,,
2018,72,Libya,5.525,,,,,,,
2018,73,Montenegro,5.523,,,,,,,
2018,74,Tajikistan,5.467,,,,,,,
2018,75,Croatia,5.432,,,,,,,
2018,76,Hong Kong SAR of China,5.43,,,,,,,
2018,77,Dominican Republic,5.425,,,,,,,
2018,78,Bosnia and Herzegovina,5.386,,,,,,,
2018,79,Türkiye,5.373,,,,,,,
2018,80,Malaysia,5.339,,,,,,,
2018,81,Belarus,5.323,,,,,,,
2018,82,Greece,5.287,,,,,,,
2018,83,Mongolia,5.285,,,,,,,
2018,84,North Macedonia,5.274,,,,,,,
2018,85,Nigeria,5.265,,,,,,,
2018,86,Kyrgyzstan,5.261,,,,,,,
2018,87,Turkmenistan,5.247,,,,,,,
2018,88,Algeria,5.211,,,,,,,
2018,89,Morocco,5.208,,,,,,,
2018,90,Azerbaijan,5.208,,,,,,,
2018,91,Lebanon,5.197,,,,,,,
2018,92,Indonesia,5.192,,,,,,,
2018,93,China,5.191,,,,,,,
2018,94,Viet Nam,5.175,,,,,,,
2018,95,Bhutan,5.082,,,,,,,
2018,96,Cameroon,5.044,,,,,,,
2018,97,Bulgaria,5.011,,,,,,,
2018,98,Ghana,4.996,,,,,,,
2018,99,Côte d’Ivoire,4.944,,,,,,,
2018,100,Nepal,4.913,,,,,,,
2018,101,Jordan,4.906,,,,,,,
2018,102,Benin,4.883,,,,,,,
2018,103,Congo,4.812,,,,,,,
2018,104,Gabon,4.799,,,,,,,
2018,105,Lao PDR,4.796,,,,,,,
2018,106,South Africa,4.722,,,,,,,
2018,107,Albania,4.719,,,,,,,
2018,108,Venezuela,4.707,,,,,,,
2018,109,Cambodia,4.7,,,,,,,
2018,110,State of Palestine,4.696,,,,,,,
2018,111,Senegal,4.681,,,,,,,
2018,112,Somalia,4.668,,,,,,,
2018,113,Namibia,4.639,,,,,,,
2018,114,Niger,4.628,,,,,,,
2018,115,Burkina Faso,4.587,,,,,,,
2018,116,Armenia,4.559,,,,,,,
2018,117,Iran,4.548,,,,,,,
2018,118,Guinea,4.534,,,,,,,
2018,119,Georgia,4.519,,,,,,,
2018,120,Gambia,4.516,,,,,,,
2018,120,Sri Lanka,4.366,,,,,,,
2018,121,Kenya,4.509,,,,,,,
2018,122,Mauritania,4.49,,,,,,,
2018,123,Mozambique,4.466,,,,,,,
2018,124,Tunisia,4.461,,,,,,,
2018,125,Bangladesh,4.456,,,,,,,
2018,126,Iraq,4.437,,,,,,,
2018,127,DR Congo,4.418,,,,,,,
2018,128,Mali,4.39,,,,,,,
2018,129,Sierra Leone,4.374,,,,,,,
2018,131,Myanmar,4.36,,,,,,,
2018,132,Chad,4.35,,,,,,,
2018,133,Ukraine,4.332,,,,,,,
2018,134,Ethiopia,4.286,,,,,,,
2018,135,Swaziland,4.212,,,,,,,
2018,136,Uganda,4.189,,,,,,,
2018,137,Egypt,4.166,,,,,,,
2018,138,Zambia,4.107,,,,,,,
2018,139,Togo,4.085,,,,,,,
2018,140,India,4.015,,,,,,,
2018,141,Liberia,3.975,,,,,,,
2018,142,Comoros,3.973,,,,,,,
2018,143,Madagascar,3.933,,,,,,,
2018,144,Lesotho,3.802,,,,,,,
2018,145,Burundi,3.775,,,,,,,
2018,146,Zimbabwe,3.663,,,,,,,
2018,147,Haiti,3.597,,,,,,,
2018,148,Botswana,3.488,,,,,,,
2018,149,Syria,3.462,,,,,,,
2018,150,Malawi,3.41,,,,,,,
2018,151,Yemen,3.38,,,,,,,
2018,152,Rwanda,3.334,,,,,,,
2018,153,Tanzania,3.231,,,,,,,
2018,154,Afghanistan,3.203,,,,,,,
2018,155,Central African Republic,3.083,,,,,,,
2018,156,South Sudan,2.853,,,,,,,
2017,1,Finland,7.632,,,,,,,
2017,2,Norway,7.594,,,,,,,
2017,3,Denmark,7.555,,,,,,,
2017,4,Iceland,7.495,,,,,,,
2017,5,Switzerland,7.487,,,,,,,
2017,6,Netherlands,7.441,,,,,,,
2017,7,Canada,7.328,,,,,,,
2017,8,New Zealand,7.324,,,,,,,
2017,9,Sweden,7.314,,,,,,,
2017,10,Australia,7.272,,,,,,,
2017,11,Israel,7.19,,,,,,,
2017,12,Austria,7.139,,,,,,,
2017,13,Costa Rica,7.072,,,,,,,
2017,14,Ireland,6.977,,,,,,,
2017,15,Germany,6.965,,,,,,,
2017,16,Belgium,6.927,,,,,,,
2017,17,Luxembourg,6.91,,,,,,,
2017,18,United States,6.886,,,,,,,
2017,19,United Kingdom,6.814,,,,,,,
2017,20,United Arab Emirates,6.774,,,,,,,
2017,21,Czechia,6.711,,,,,,,
2017,22,Malta,6.627,,,,,,,
2017,23,France,6.489,,,,,,,
2017,24,Mexico,6.488,,,,,,,
2017,25,Chile,6.476,,,,,,,
2017,26,Taiwan Province of China,6.441,,,,,,,
2017,27,Panama,6.43,,,,,,,
2017,28,Brazil,6.419,,,,,,,
2017,29,Argentina,6.388,,,,,,,
2017,30,Guatemala,6.382,,,,,,,
2017,31,Uruguay,6.379,,,,,,,
2017,32,Qatar,6.374,,,,,,,
2017,33,Saudi Arabia,6.371,,,,,,,
2017,34,Singapore,6.343,,,,,,,
2017,35,Malaysia,6.322,,,,,,,
2017,36,Spain,6.31,,,,,,,
2017,37,Colombia,6.26,,,,,,,
2017,38,Trinidad and Tobago,6.192,,,,,,,
2017,39,Slovakia,6.173,,,,,,,
2017,40,El Salvador,6.167,,,,,,,
2017,41,Nicaragua,6.141,,,,,,,
2017,42,Poland,6.123,,,,,,,
2017,43,Bahrain,6.105,,,,,,,
2017,44,Uzbekistan,6.096,,,,,,,
2017,45,Kuwait,6.083,,,,,,,
2017,46,Thailand,6.072,,,,,,,
2017,47,Italy,6.0,,,,,,,
2017,48,Ecuador,5.973,,,,,,,
2017,49,Belize,5.956,,,,,,,
2017,50,Lithuania,5.952,,,,,,,
2017,51,Slovenia,5.948,,,,,,,
2017,52,Romania,5.945,,,,,,,
2017,53,Latvia,5.933,,,,,,,
2017,54,Japan,5.915,,,,,,,
2017,55,Mauritius,5.891,,,,,,,
2017,56,Jamaica,5.89,,,,,,,
2017,57,Republic of Korea,5.875,,,,,,,
2017,58,North Cyprus,5.835,,,,,,,
2017,59,Russian Federation,5.81,,,,,,,
2017,60,Kazakhstan,5.79,,,,,,,
2017,61,Cyprus,5.762,,,,,,,
2017,62,Bolivia,5.752,,,,,,,
2017,63,Estonia,5.739,,,,,,,
2017,64,Paraguay,5.681,,,,,,,
2017,65,Peru,5.663,,,,,,,
2017,66,Kosovo,5.662,,,,,,,
2017,67,Republic of Moldova,5.64,,,,,,,
2017,68,Turkmenistan,5.636,,,,,,,
2017,69,Hungary,5.62,,,,,,,
2017,70,Libya,5.566,,,,,,,
2017,71,Philippines,5.524,,,,,,,
2017,72,Honduras,5.504,,,,,,,
2017,73,Belarus,5.483,,,,,,,
2017,74,Türkiye,5.483,,,,,,,
2017,75,Pakistan,5.472,,,,,,,
2017,76,Hong Kong SAR of China,5.43,,,,,,,
2017,77,Portugal,5.41,,,,,,,
2017,78,Serbia,5.398,,,,,,,
2017,79,Greece,5.358,,,,,,,
2017,80,Tajikistan,5.352,,,,,,,
2017,81,Montenegro,5.347,,,,,,,
2017,82,Croatia,5.321,,,,,,,
2017,83,Dominican Republic,5.302,,,,,,,
2017,84,Algeria,5.295,,,,,,,
2017,85,Morocco,5.254,,,,,,,
2017,86,China,5.246,,,,,,,
2017,87,Azerbaijan,5.201,,,,,,,
2017,88,Lebanon,5.199,,,,,,,
2017,89,North Macedonia,5.185,,,,,,,
2017,90,Jordan,5.161,,,,,,,
2017,91,Nigeria,5.155,,,,,,,
2017,92,Kyrgyzstan,5.131,,,,,,,
2017,93,Bosnia and Herzegovina,5.129,,,,,,,
2017,94,Mongolia,5.125,,,,,,,
2017,95,Viet Nam,5.103,,,,,,,
2017,96,Indonesia,5.093,,,,,,,
2017,97,Bhutan,5.082,,,,,,,
2017,98,Somalia,4.982,,,,,,,
2017,99,Cameroon,4.975,,,,,,,
2017,100,Bulgaria,4.933,,,,,,,
2017,101,Nepal,4.88,,,,,,,
2017,102,Venezuela,4.806,,,,,,,
2017,103,Gabon,4.758,,,,,,,
2017,104,State of Palestine,4.743,,,,,,,
2017,105,South Africa,4.724,,,,,,,
2017,106,Iran,4.707,,,,,,,
2017,107,Côte d’Ivoire,4.671,,,,,,,
2017,108,Ghana,4.657,,,,,,,
2017,109,Senegal,4.631,,,,,,,
2017,110,Lao PDR,4.623,,,,,,,
2017,111,Tunisia,4.592,,,,,,,
2017,112,Albania,4.586,,,,,,,
2017,113,Sierra Leone,4.571,,,,,,,
2017,114,Congo,4.559,,,,,,,
2017,115,Bangladesh,4.5,,,,,,,
2017,116,Sri Lanka,4.471,,,,,,,
2017,117,Iraq,4.456,,,,,,,
2017,118,Mali,4.447,,,,,,,
2017,119,Namibia,4.441,,,,,,,
2017,120,Cambodia,4.433,,,,,,,
2017,121,Burkina Faso,4.424,,,,,,,
2017,122,Egypt,4.419,,,,,,,
2017,123,Mozambique,4.417,,,,,,,
2017,124,Kenya,4.41,,,,,,,
2017,125,Zambia,4.377,,,,,,,
2017,126,Mauritania,4.356,,,,,,,
2017,127,Ethiopia,4.35,,,,,,,
2017,128,Georgia,4.34,,,,,,,
2017,129,Armenia,4.321,,,,,,,
2017,130,Myanmar,4.308,,,,,,,
2017,131,Chad,4.301,,,,,,,
2017,132,DR Congo,4.245,,,,,,,
2017,133,India,4.19,,,,,,,
2017,134,Niger,4.166,,,,,,,
2017,135,Uganda,4.161,,,,,,,
2017,136,Benin,4.141,,,,,,,
2017,137,Sudan,4.139,,,,,,,
2017,138,Ukraine,4.103,,,,,,,
2017,139,Togo,3.999,,,,,,,
2017,140,Guinea,3.964,,,,,,,
2017,141,Lesotho,3.808,,,,,,,
2017,142,Angola,3.795,,,,,,,
2017,143,Madagascar,3.774,,,,,,,
2017,144,Zimbabwe,3.692,,,,,,,
2017,145,Afghanistan,3.632,,,,,,,
2017,146,Botswana,3.59,,,,,,,
2017,147,Malawi,3.587,,,,,,,
2017,148,Haiti,3.582,,,,,,,
2017,149,Liberia,3.495,,,,,,,
2017,150,Syria,3.462,,,,,,,
2017,151,Rwanda,3.408,,,,,,,
2017,152,Yemen,3.355,,,,,,,
2017,153,Tanzania,3.303,,,,,,,
2017,154,South Sudan,3.254,,,,,,,
2017,155,Central African Republic,3.083,,,,,,,
2017,156,Burundi,2.905,,,,,,,
2016,1,Norway,7.537,,,,,,,
2016,2,Denmark,7.522,,,,,,,
2016,3,Iceland,7.504,,,,,,,
2016,4,Switzerland,7.494,,,,,,,
2016,5,Finland,7.469,,,,,,,
2016,6,Netherlands,7.377,,,,,,,
2016,7,Canada,7.316,,,,,,,
2016,8,New Zealand,7.314,,,,,,,
2016,9,Australia,7.284,,,,,,,
2016,10,Sweden,7.284,,,,,,,
2016,11,Israel,7.213,,,,,,,
2016,12,Costa Rica,7.079,,,,,,,
2016,13,Austria,7.006,,,,,,,
2016,14,United States,6.993,,,,,,,
2016,15,Ireland,6.977,,,,,,,
2016,16,Germany,6.951,,,,,,,
2016,17,Belgium,6.891,,,,,,,
2016,18,Luxembourg,6.863,,,,,,,
2016,19,United Kingdom,6.714,,,,,,,
2016,20,Chile,6.652,,,,,,,
2016,21,United Arab Emirates,6.648,,,,,,,
2016,22,Brazil,6.635,,,,,,,
2016,23,Czechia,6.609,,,,,,,
2016,24,Argentina,6.599,,,,,,,
2016,25,Mexico,6.578,,,,,,,
2016,26,Singapore,6.572,,,,,,,
2016,27,Malta,6.527,,,,,,,
2016,28,Uruguay,6.454,,,,,,,
2016,29,Guatemala,6.454,,,,,,,
2016,30,Panama,6.452,,,,,,,
2016,31,France,6.442,,,,,,,
2016,32,Thailand,6.424,,,,,,,
2016,33,Taiwan Province of China,6.422,,,,,,,
2016,34,Spain,6.403,,,,,,,
2016,35,Qatar,6.375,,,,,,,
2016,36,Colombia,6.357,,,,,,,
2016,37,Saudi Arabia,6.344,,,,,,,
2016,38,Trinidad and Tobago,6.168,,,,,,,
2016,39,Kuwait,6.105,,,,,,,
2016,40,Slovakia,6.098,,,,,,,
2016,41,Bahrain,6.087,,,,,,,
2016,42,Malaysia,6.084,,,,,,,
2016,43,Nicaragua,6.071,,,,,,,
2016,44,Ecuador,6.008,,,,,,,
2016,45,El Salvador,6.003,,,,,,,
2016,46,Poland,5.973,,,,,,,
2016,47,Uzbekistan,5.971,,,,,,,
2016,48,Italy,5.964,,,,,,,
2016,49,Russian Federation,5.963,,,,,,,
2016,50,Belize,5.956,,,,,,,
2016,51,Japan,5.92,,,,,,,
2016,52,Lithuania,5.902,,,,,,,
2016,53,Algeria,5.872,,,,,,,
2016,54,Latvia,5.85,,,,,,,
2016,55,Republic of Korea,5.838,,,,,,,
2016,56,Republic of Moldova,5.838,,,,,,,
2016,57,Romania,5.825,,,,,,,
2016,58,Bolivia,5.823,,,,,,,
2016,59,Turkmenistan,5.822,,,,,,,
2016,60,Kazakhstan,5.819,,,,,,,
2016,61,North Cyprus,5.81,,,,,,,
2016,62,Slovenia,5.758,,,,,,,
2016,63,Peru,5.715,,,,,,,
2016,64,Mauritius,5.629,,,,,,,
2016,65,Cyprus,5.621,,,,,,,
2016,66,Estonia,5.611,,,,,,,
2016,67,Belarus,5.569,,,,,,,
2016,68,Libya,5.525,,,,,,,
2016,69,Türkiye,5.5,,,,,,,
2016,70,Paraguay,5.493,,,,,,,
2016,71,Hong Kong SAR of China,5.472,,,,,,,
2016,72,Philippines,5.43,,,,,,,
2016,73,Serbia,5.395,,,,,,,
2016,74,Jordan,5.336,,,,,,,
2016,75,Hungary,5.324,,,,,,,
2016,76,Jamaica,5.311,,,,,,,
2016,77,Croatia,5.293,,,,,,,
2016,78,Kosovo,5.279,,,,,,,
2016,79,China,5.273,,,,,,,
2016,80,Pakistan,5.269,,,,,,,
2016,81,Indonesia,5.262,,,,,,,
2016,82,Venezuela,5.25,,,,,,,
2016,83,Montenegro,5.237,,,,,,,
2016,84,Morocco,5.235,,,,,,,
2016,85,Azerbaijan,5.234,,,,,,,
2016,86,Dominican Republic,5.23,,,,,,,
2016,87,Greece,5.227,,,,,,,
2016,88,Lebanon,5.225,,,,,,,
2016,89,Portugal,5.195,,,,,,,
2016,90,Bosnia and Herzegovina,5.182,,,,,,,
2016,91,Honduras,5.181,,,,,,,
2016,92,North Macedonia,5.175,,,,,,,
2016,93,Somalia,5.151,,,,,,,
2016,94,Viet Nam,5.074,,,,,,,
2016,95,Nigeria,5.074,,,,,,,
2016,96,Tajikistan,5.041,,,,,,,
2016,97,Bhutan,5.011,,,,,,,
2016,98,Kyrgyzstan,5.004,,,,,,,
2016,99,Nepal,4.962,,,,,,,
2016,100,Mongolia,4.955,,,,,,,
2016,101,South Africa,4.829,,,,,,,
2016,102,Tunisia,4.805,,,,,,,
2016,103,State of Palestine,4.775,,,,,,,
2016,104,Egypt,4.735,,,,,,,
2016,105,Bulgaria,4.714,,,,,,,
2016,106,Sierra Leone,4.709,,,,,,,
2016,107,Cameroon,4.695,,,,,,,
2016,108,Iran,4.692,,,,,,,
2016,109,Albania,4.644,,,,,,,
2016,110,Bangladesh,4.608,,,,,,,
2016,111,Namibia,4.574,,,,,,,
2016,112,Kenya,4.553,,,,,,,
2016,113,Mozambique,4.55,,,,,,,
2016,114,Myanmar,4.545,,,,,,,
2016,115,Senegal,4.535,,,,,,,
2016,116,Zambia,4.514,,,,,,,
2016,117,Iraq,4.497,,,,,,,
2016,118,Gabon,4.465,,,,,,,
2016,119,Ethiopia,4.46,,,,,,,
2016,120,Sri Lanka,4.44,,,,,,,
2016,121,Armenia,4.376,,,,,,,
2016,122,India,4.315,,,,,,,
2016,123,Mauritania,4.292,,,,,,,
2016,124,Congo,4.291,,,,,,,
2016,125,Georgia,4.286,,,,,,,
2016,126,DR Congo,4.28,,,,,,,
2016,127,Mali,4.19,,,,,,,
2016,128,Côte d’Ivoire,4.18,,,,,,,
2016,129,Cambodia,4.168,,,,,,,
2016,130,Sudan,4.139,,,,,,,
2016,131,Ghana,4.12,,,,,,,
2016,132,Ukraine,4.096,,,,,,,
2016,133,Uganda,4.081,,,,,,,
2016,134,Burkina Faso,4.032,,,,,,,
2016,135,Niger,4.028,,,,,,,
2016,136,Malawi,3.97,,,,,,,
2016,137,Chad,3.936,,,,,,,
2016,138,Zimbabwe,3.875,,,,,,,
2016,139,Lesotho,3.808,,,,,,,
2016,140,Angola,3.795,,,,,,,
2016,141,Afghanistan,3.794,,,,,,,
2016,142,Botswana,3.766,,,,,,,
2016,143,Benin,3.657,,,,,,,
2016,144,Madagascar,3.644,,,,,,,
2016,145,Haiti,3.603,,,,,,,
2016,146,Yemen,3.593,,,,,,,
2016,147,South Sudan,3.591,,,,,,,
2016,148,Liberia,3.533,,,,,,,
2016,149,Guinea,3.507,,,,,,,
2016,150,Togo,3.495,,,,,,,
2016,151,Rwanda,3.471,,,,,,,
2016,152,Syria,3.462,,,,,,,
2016,153,Tanzania,3.349,,,,,,,
2016,154,Burundi,2.905,,,,,,,
2016,155,Central African Republic,2.693,,,,,,,
2015,1,Denmark,7.526,,,,,,,
2015,2,Switzerland,7.509,,,,,,,
2015,3,Iceland,7.501,,,,,,,
2015,4,Norway,7.498,,,,,,,
2015,5,Finland,7.413,,,,,,,
2015,6,Canada,7.404,,,,,,,
2015,7,Netherlands,7.339,,,,,,,
2015,8,New Zealand,7.334,,,,,,,
2015,9,Australia,7.313,,,,,,,
2015,10,Sweden,7.291,,,,,,,
2015,11,Israel,7.267,,,,,,,
2015,12,Austria,7.119,,,,,,,
2015,13,United States,7.104,,,,,,,
2015,14,Costa Rica,7.087,,,,,,,
2015,15,Puerto Rico,7.039,,,,,,,
2015,16,Germany,6.994,,,,,,,
2015,17,Brazil,6.952,,,,,,,
2015,18,Belgium,6.929,,,,,,,
2015,19,Ireland,6.907,,,,,,,
2015,20,Luxembourg,6.871,,,,,,,
2015,21,Mexico,6.778,,,,,,,
2015,22,Singapore,6.739,,,,,,,
2015,23,United Kingdom,6.725,,,,,,,
2015,24,Chile,6.705,,,,,,,
2015,25,Panama,6.701,,,,,,,
2015,26,Argentina,6.65,,,,,,,
2015,27,Czechia,6.596,,,,,,,
2015,28,United Arab Emirates,6.573,,,,,,,
2015,29,Uruguay,6.545,,,,,,,
2015,30,Malta,6.488,,,,,,,
2015,31,Colombia,6.481,,,,,,,
2015,32,France,6.478,,,,,,,
2015,33,Thailand,6.474,,,,,,,
2015,34,Saudi Arabia,6.379,,,,,,,
2015,35,Taiwan Province of China,6.379,,,,,,,
2015,36,Qatar,6.375,,,,,,,
2015,37,Spain,6.361,,,,,,,
2015,38,Algeria,6.355,,,,,,,
2015,39,Guatemala,6.324,,,,,,,
2015,40,Suriname,6.269,,,,,,,
2015,41,Kuwait,6.239,,,,,,,
2015,42,Bahrain,6.218,,,,,,,
2015,43,Trinidad and Tobago,6.168,,,,,,,
2015,44,Venezuela,6.084,,,,,,,
2015,45,Slovakia,6.078,,,,,,,
2015,46,El Salvador,6.068,,,,,,,
2015,47,Malaysia,6.005,,,,,,,
2015,48,Nicaragua,5.992,,,,,,,
2015,49,Uzbekistan,5.987,,,,,,,
2015,50,Italy,5.977,,,,,,,
2015,51,Ecuador,5.976,,,,,,,
2015,52,Belize,5.956,,,,,,,
2015,53,Japan,5.921,,,,,,,
2015,54,Kazakhstan,5.919,,,,,,,
2015,55,Republic of Moldova,5.897,,,,,,,
2015,56,Russian Federation,5.856,,,,,,,
2015,57,Poland,5.835,,,,,,,
2015,58,Republic of Korea,5.835,,,,,,,
2015,59,Bolivia,5.822,,,,,,,
2015,60,Lithuania,5.813,,,,,,,
2015,61,Belarus,5.802,,,,,,,
2015,62,North Cyprus,5.771,,,,,,,
2015,63,Slovenia,5.768,,,,,,,
2015,64,Peru,5.743,,,,,,,
2015,65,Turkmenistan,5.658,,,,,,,
2015,66,Mauritius,5.648,,,,,,,
2015,67,Libya,5.615,,,,,,,
2015,68,Latvia,5.56,,,,,,,
2015,69,Cyprus,5.546,,,,,,,
2015,70,Paraguay,5.538,,,,,,,
2015,71,Romania,5.528,,,,,,,
2015,72,Estonia,5.517,,,,,,,
2015,73,Jamaica,5.51,,,,,,,
2015,74,Croatia,5.488,,,,,,,
2015,75,Hong Kong SAR of China,5.458,,,,,,,
2015,76,Somalia,5.44,,,,,,,
2015,77,Kosovo,5.401,,,,,,,
2015,78,Türkiye,5.389,,,,,,,
2015,79,Indonesia,5.314,,,,,,,
2015,80,Jordan,5.303,,,,,,,
2015,81,Azerbaijan,5.291,,,,,,,
2015,82,Philippines,5.279,,,,,,,
2015,83,China,5.245,,,,,,,
2015,84,Bhutan,5.196,,,,,,,
2015,85,Kyrgyzstan,5.185,,,,,,,
2015,86,Serbia,5.177,,,,,,,
2015,87,Bosnia and Herzegovina,5.163,,,,,,,
2015,88,Montenegro,5.161,,,,,,,
2015,89,Dominican Republic,5.155,,,,,,,
2015,90,Morocco,5.151,,,,,,,
2015,91,Hungary,5.145,,,,,,,
2015,92,Pakistan,5.132,,,,,,,
2015,93,Lebanon,5.129,,,,,,,
2015,94,Portugal,5.123,,,,,,,
2015,95,North Macedonia,5.121,,,,,,,
2015,96,Viet Nam,5.061,,,,,,,
2015,97,Somaliland Region,5.057,,,,,,,
2015,98,Tunisia,5.045,,,,,,,
2015,99,Greece,5.033,,,,,,,
2015,100,Tajikistan,4.996,,,,,,,
2015,101,Mongolia,4.907,,,,,,,
2015,102,Lao PDR,4.876,,,,,,,
2015,103,Nigeria,4.875,,,,,,,
2015,104,Honduras,4.871,,,,,,,
2015,105,Iran,4.813,,,,,,,
2015,106,Zambia,4.795,,,,,,,
2015,107,Nepal,4.793,,,,,,,
2015,108,State of Palestine,4.754,,,,,,,
2015,109,Albania,4.655,,,,,,,
2015,110,Bangladesh,4.643,,,,,,,
2015,111,Sierra Leone,4.635,,,,,,,
2015,112,Iraq,4.575,,,,,,,
2015,113,Namibia,4.574,,,,,,,
2015,114,Cameroon,4.513,,,,,,,
2015,115,Ethiopia,4.508,,,,,,,
2015,116,South Africa,4.459,,,,,,,
2015,117,Sri Lanka,4.415,,,,,,,
2015,118,India,4.404,,,,,,,
2015,119,Myanmar,4.395,,,,,,,
2015,120,Egypt,4.362,,,,,,,
2015,121,Armenia,4.36,,,,,,,
2015,122,Kenya,4.356,,,,,,,
2015,123,Ukraine,4.324,,,,,,,
2015,124,Ghana,4.276,,,,,,,
2015,125,DR Congo,4.272,,,,,,,
2015,126,Georgia,4.252,,,,,,,
2015,127,Congo,4.236,,,,,,,
2015,128,Senegal,4.219,,,,,,,
2015,129,Bulgaria,4.217,,,,,,,
2015,130,Mauritania,4.201,,,,,,,
2015,131,Zimbabwe,4.193,,,,,,,
2015,132,Malawi,4.156,,,,,,,
2015,133,Sudan,4.139,,,,,,,
2015,134,Gabon,4.121,,,,,,,
2015,135,Mali,4.073,,,,,,,
2015,136,Haiti,4.028,,,,,,,
2015,137,Botswana,3.974,,,,,,,
2015,138,Comoros,3.956,,,,,,,
2015,139,Côte d’Ivoire,3.916,,,,,,,
2015,140,Cambodia,3.907,,,,,,,
2015,141,Angola,3.866,,,,,,,
2015,142,Niger,3.856,,,,,,,
2015,143,South Sudan,3.832,,,,,,,
2015,144,Chad,3.763,,,,,,,
2015,145,Burkina Faso,3.739,,,,,,,
2015,146,Uganda,3.739,,,,,,,
2015,147,Yemen,3.724,,,,,,,
2015,148,Madagascar,3.695,,,,,,,
2015,149,Tanzania,3.666,,,,,,,
2015,150,Liberia,3.622,,,,,,,
2015,151,Guinea,3.607,,,,,,,
2015,152,Rwanda,3.515,,,,,,,
2015,153,Benin,3.484,,,,,,,
2015,154,Afghanistan,3.36,,,,,,,
2015,155,Togo,3.303,,,,,,,
2015,156,Syria,3.069,,,,,,,
2015,157,Burundi,2.905,,,,,,,
2014,1,Switzerland,7.587,,,,,,,
2014,2,Iceland,7.561,,,,,,,
2014,3,Denmark,7.527,,,,,,,
2014,4,Norway,7.522,,,,,,,
2014,5,Canada,7.427,,,,,,,
2014,6,Finland,7.406,,,,,,,
2014,7,Netherlands,7.378,,,,,,,
2014,8,Sweden,7.364,,,,,,,
2014,9,New Zealand,7.286,,,,,,,
2014,10,Australia,7.284,,,,,,,
2014,11,Israel,7.278,,,,,,,
2014,12,Costa Rica,7.226,,,,,,,
2014,13,Austria,7.2,,,,,,,
2014,14,Mexico,7.187,,,,,,,
2014,15,United States,7.119,,,,,,,
2014,16,Brazil,6.983,,,,,,,
2014,17,Luxembourg,6.946,,,,,,,
2014,18,Ireland,6.94,,,,,,,
2014,19,Belgium,6.937,,,,,,,
2014,20,United Arab Emirates,6.901,,,,,,,
2014,21,United Kingdom,6.867,,,,,,,
2014,22,Oman,6.853,,,,,,,
2014,23,Venezuela,6.81,,,,,,,
2014,24,Singapore,6.798,,,,,,,
2014,25,Panama,6.786,,,,,,,
2014,26,Germany,6.75,,,,,,,
2014,27,Chile,6.67,,,,,,,
2014,28,Qatar,6.611,,,,,,,
2014,29,France,6.575,,,,,,,
2014,30,Argentina,6.574,,,,,,,
2014,31,Czechia,6.505,,,,,,,
2014,32,Uruguay,6.485,,,,,,,
2014,33,Colombia,6.477,,,,,,,
2014,34,Thailand,6.455,,,,,,,
2014,35,Saudi Arabia,6.411,,,,,,,
2014,36,Spain,6.329,,,,,,,
2014,37,Malta,6.302,,,,,,,
2014,38,Taiwan Province of China,6.298,,,,,,,
2014,39,Kuwait,6.295,,,,,,,
2014,40,Suriname,6.269,,,,,,,
2014,41,Trinidad and Tobago,6.168,,,,,,,
2014,42,El Salvador,6.13,,,,,,,
2014,43,Guatemala,6.123,,,,,,,
2014,44,Uzbekistan,6.003,,,,,,,
2014,45,Slovakia,5.995,,,,,,,
2014,46,Japan,5.987,,,,,,,
2014,47,Republic of Korea,5.984,,,,,,,
2014,48,Ecuador,5.975,,,,,,,
2014,49,Bahrain,5.96,,,,,,,
2014,50,Italy,5.948,,,,,,,
2014,51,Bolivia,5.89,,,,,,,
2014,52,Republic of Moldova,5.889,,,,,,,
2014,53,Paraguay,5.878,,,,,,,
2014,54,Kazakhstan,5.855,,,,,,,
2014,55,Slovenia,5.848,,,,,,,
2014,56,Lithuania,5.833,,,,,,,
2014,57,Nicaragua,5.828,,,,,,,
2014,58,Peru,5.824,,,,,,,
2014,59,Belarus,5.813,,,,,,,
2014,60,Poland,5.791,,,,,,,
2014,61,Malaysia,5.77,,,,,,,
2014,62,Croatia,5.759,,,,,,,
2014,63,Libya,5.754,,,,,,,
2014,64,Russian Federation,5.716,,,,,,,
2014,65,Jamaica,5.709,,,,,,,
2014,66,North Cyprus,5.695,,,,,,,
2014,67,Cyprus,5.689,,,,,,,
2014,68,Algeria,5.605,,,,,,,
2014,69,Kosovo,5.589,,,,,,,
2014,70,Turkmenistan,5.548,,,,,,,
2014,71,Mauritius,5.477,,,,,,,
2014,72,Hong Kong SAR of China,5.474,,,,,,,
2014,73,Estonia,5.429,,,,,,,
2014,74,Indonesia,5.399,,,,,,,
2014,75,Viet Nam,5.36,,,,,,,
2014,76,Türkiye,5.332,,,,,,,
2014,77,Kyrgyzstan,5.286,,,,,,,
2014,78,Nigeria,5.268,,,,,,,
2014,79,Bhutan,5.253,,,,,,,
2014,80,Azerbaijan,5.212,,,,,,,
2014,81,Pakistan,5.194,,,,,,,
2014,82,Jordan,5.192,,,,,,,
2014,83,Montenegro,5.192,,,,,,,
2014,84,China,5.14,,,,,,,
2014,85,Zambia,5.129,,,,,,,
2014,86,Romania,5.124,,,,,,,
2014,87,Serbia,5.123,,,,,,,
2014,88,Portugal,5.102,,,,,,,
2014,89,Latvia,5.098,,,,,,,
2014,90,Philippines,5.073,,,,,,,
2014,91,Somaliland Region,5.057,,,,,,,
2014,92,Morocco,5.013,,,,,,,
2014,93,North Macedonia,5.007,,,,,,,
2014,94,Mozambique,4.971,,,,,,,
2014,95,Albania,4.959,,,,,,,
2014,96,Bosnia and Herzegovina,4.949,,,,,,,
2014,97,Lesotho,4.898,,,,,,,
2014,98,Dominican Republic,4.885,,,,,,,
2014,99,Lao PDR,4.876,,,,,,,
2014,100,Mongolia,4.874,,,,,,,
2014,101,Swaziland,4.867,,,,,,,
2014,102,Greece,4.857,,,,,,,
2014,103,Lebanon,4.839,,,,,,,
2014,104,Hungary,4.8,,,,,,,
2014,105,Honduras,4.788,,,,,,,
2014,106,Tajikistan,4.786,,,,,,,
2014,107,Tunisia,4.739,,,,,,,
2014,108,State of Palestine,4.715,,,,,,,
2014,109,Bangladesh,4.694,,,,,,,
2014,110,Iran,4.686,,,,,,,
2014,111,Ukraine,4.681,,,,,,,
2014,112,Iraq,4.677,,,,,,,
2014,113,South Africa,4.642,,,,,,,
2014,114,Ghana,4.633,,,,,,,
2014,115,Zimbabwe,4.61,,,,,,,
2014,116,Liberia,4.571,,,,,,,
2014,117,India,4.565,,,,,,,
2014,118,Sudan,4.55,,,,,,,
2014,119,Haiti,4.518,,,,,,,
2014,120,DR Congo,4.517,,,,,,,
2014,121,Nepal,4.514,,,,,,,
2014,122,Ethiopia,4.512,,,,,,,
2014,123,Sierra Leone,4.507,,,,,,,
2014,124,Mauritania,4.436,,,,,,,
2014,125,Kenya,4.419,,,,,,,
2014,126,Djibouti,4.369,,,,,,,
2014,127,Armenia,4.35,,,,,,,
2014,128,Botswana,4.332,,,,,,,
2014,129,Myanmar,4.307,,,,,,,
2014,130,Georgia,4.297,,,,,,,
2014,131,Malawi,4.292,,,,,,,
2014,132,Sri Lanka,4.271,,,,,,,
2014,133,Cameroon,4.252,,,,,,,
2014,134,Bulgaria,4.218,,,,,,,
2014,135,Egypt,4.194,,,,,,,
2014,136,Yemen,4.077,,,,,,,
2014,137,Angola,4.033,,,,,,,
2014,138,Mali,3.995,,,,,,,
2014,139,Congo,3.989,,,,,,,
2014,140,Comoros,3.956,,,,,,,
2014,141,Uganda,3.931,,,,,,,
2014,142,Senegal,3.904,,,,,,,
2014,143,Gabon,3.896,,,,,,,
2014,144,Niger,3.845,,,,,,,
2014,145,Cambodia,3.819,,,,,,,
2014,146,Tanzania,3.781,,,,,,,
2014,147,Madagascar,3.681,,,,,,,
2014,148,Central African Republic,3.678,,,,,,,
2014,149,Chad,3.667,,,,,,,
2014,150,Guinea,3.656,,,,,,,
2014,151,Côte d’Ivoire,3.655,,,,,,,
2014,152,Burkina Faso,3.587,,,,,,,
2014,153,Afghanistan,3.575,,,,,,,
2014,154,Rwanda,3.465,,,,,,,
2014,155,Benin,3.34,,,,,,,
2014,156,Syria,3.006,,,,,,,
2014,157,Burundi,2.906,,,,,,,
2014,158,Togo,2.839,,,,,,,
2012,1,Denmark,7.693,,,,,,,
2012,2,Norway,7.655,,,,,,,
2012,3,Switzerland,7.65,,,,,,,
2012,4,Netherlands,7.512,,,,,,,
2012,5,Sweden,7.48,,,,,,,
2012,6,Canada,7.477,,,,,,,
2012,7,Finland,7.389,,,,,,,
2012,8,Austria,7.369,,,,,,,
2012,9,Iceland,7.355,,,,,,,
2012,10,Australia,7.35,,,,,,,
2012,11,Israel,7.301,,,,,,,
2012,12,Costa Rica,7.257,,,,,,,
2012,13,New Zealand,7.221,,,,,,,
2012,14,United Arab Emirates,7.144,,,,,,,
2012,15,Panama,7.143,,,,,,,
2012,16,Mexico,7.088,,,,,,,
2012,17,United States,7.082,,,,,,,
2012,18,Ireland,7.076,,,,,,,
2012,19,Luxembourg,7.054,,,,,,,
2012,20,Venezuela,7.039,,,,,,,
2012,21,Belgium,6.967,,,,,,,
2012,22,United Kingdom,6.883,,,,,,,
2012,23,Oman,6.853,,,,,,,
2012,24,Brazil,6.849,,,,,,,
2012,25,France,6.764,,,,,,,
2012,26,Germany,6.672,,,,,,,
2012,27,Qatar,6.666,,,,,,,
2012,28,Chile,6.587,,,,,,,
2012,29,Argentina,6.562,,,,,,,
2012,30,Singapore,6.546,,,,,,,
2012,31,Trinidad and Tobago,6.519,,,,,,,
2012,32,Kuwait,6.515,,,,,,,
2012,33,Saudi Arabia,6.48,,,,,,,
2012,34,Cyprus,6.466,,,,,,,
2012,35,Colombia,6.416,,,,,,,
2012,36,Thailand,6.371,,,,,,,
2012,37,Uruguay,6.355,,,,,,,
2012,38,Spain,6.322,,,,,,,
2012,39,Czechia,6.29,,,,,,,
2012,40,Suriname,6.269,,,,,,,
2012,41,Republic of Korea,6.267,,,,,,,
2012,42,Taiwan Province of China,6.221,,,,,,,
2012,43,Japan,6.064,,,,,,,
2012,44,Slovenia,6.06,,,,,,,
2012,45,Italy,6.021,,,,,,,
2012,46,Slovakia,5.969,,,,,,,
2012,47,Guatemala,5.965,,,,,,,
2012,48,Malta,5.964,,,,,,,
2012,49,Ecuador,5.865,,,,,,,
2012,50,Bolivia,5.857,,,,,,,
2012,51,Poland,5.822,,,,,,,
2012,52,El Salvador,5.809,,,,,,,
2012,53,Republic of Moldova,5.791,,,,,,,
2012,54,Paraguay,5.779,,,,,,,
2012,55,Peru,5.776,,,,,,,
2012,56,Malaysia,5.76,,,,,,,
2012,57,Kazakhstan,5.671,,,,,,,
2012,58,Croatia,5.661,,,,,,,
2012,59,Turkmenistan,5.628,,,,,,,
2012,60,Uzbekistan,5.623,,,,,,,
2012,61,Angola,5.589,,,,,,,
2012,62,Albania,5.55,,,,,,,
2012,63,Viet Nam,5.533,,,,,,,
2012,64,Hong Kong SAR of China,5.523,,,,,,,
2012,65,Nicaragua,5.507,,,,,,,
2012,66,Belarus,5.504,,,,,,,
2012,67,Mauritius,5.477,,,,,,,
2012,68,Russian Federation,5.464,,,,,,,
2012,69,North Cyprus,5.463,,,,,,,
2012,70,Greece,5.435,,,,,,,
2012,71,Lithuania,5.426,,,,,,,
2012,72,Estonia,5.426,,,,,,,
2012,73,Algeria,5.422,,,,,,,
2012,74,Jordan,5.414,,,,,,,
2012,75,Jamaica,5.374,,,,,,,
2012,76,Indonesia,5.348,,,,,,,
2012,77,Türkiye,5.345,,,,,,,
2012,78,Libya,5.34,,,,,,,
2012,79,Bahrain,5.312,,,,,,,
2012,80,Montenegro,5.299,,,,,,,
2012,81,Pakistan,5.292,,,,,,,
2012,82,Nigeria,5.248,,,,,,,
2012,83,Kosovo,5.222,,,,,,,
2012,84,Honduras,5.142,,,,,,,
2012,85,Portugal,5.101,,,,,,,
2012,86,Ghana,5.091,,,,,,,
2012,87,Ukraine,5.057,,,,,,,
2012,88,Latvia,5.046,,,,,,,
2012,89,Kyrgyzstan,5.042,,,,,,,
2012,90,Romania,5.033,,,,,,,
2012,91,Zambia,5.006,,,,,,,
2012,92,Philippines,4.985,,,,,,,
2012,93,China,4.978,,,,,,,
2012,94,Mozambique,4.971,,,,,,,
2012,95,Dominican Republic,4.963,,,,,,,
2012,96,South Africa,4.963,,,,,,,
2012,97,Lebanon,4.931,,,,,,,
2012,98,Lesotho,4.898,,,,,,,
2012,99,Morocco,4.885,,,,,,,
2012,100,Swaziland,4.867,,,,,,,
2012,101,Somaliland Region,4.847,,,,,,,
2012,102,Mongolia,4.834,,,,,,,
2012,103,Zimbabwe,4.827,,,,,,,
2012,104,Tunisia,4.826,,,,,,,
2012,105,Iraq,4.817,,,,,,,
2012,106,Serbia,4.813,,,,,,,
2012,107,Bosnia and Herzegovina,4.813,,,,,,,
2012,108,Bangladesh,4.804,,,,,,,
2012,109,Lao PDR,4.787,,,,,,,
2012,110,Hungary,4.775,,,,,,,
2012,111,India,4.772,,,,,,,
2012,112,Mauritania,4.758,,,,,,,
2012,113,State of Palestine,4.7,,,,,,,
2012,114,Djibouti,4.69,,,,,,,
2012,115,Iran,4.643,,,,,,,
2012,116,Azerbaijan,4.604,,,,,,,
2012,117,DR Congo,4.578,,,,,,,
2012,118,North Macedonia,4.574,,,,,,,
2012,119,Ethiopia,4.561,,,,,,,
2012,120,Uganda,4.443,,,,,,,
2012,121,Myanmar,4.439,,,,,,,
2012,122,Cameroon,4.42,,,,,,,
2012,123,Kenya,4.403,,,,,,,
2012,124,Sudan,4.401,,,,,,,
2012,125,Tajikistan,4.38,,,,,,,
2012,126,Haiti,4.341,,,,,,,
2012,127,Sierra Leone,4.318,,,,,,,
2012,128,Armenia,4.316,,,,,,,
2012,129,Congo,4.297,,,,,,,
2012,130,Egypt,4.273,,,,,,,
2012,131,Burkina Faso,4.259,,,,,,,
2012,132,Mali,4.247,,,,,,,
2012,133,Liberia,4.196,,,,,,,
2012,134,Georgia,4.187,,,,,,,
2012,135,Nepal,4.156,,,,,,,
2012,136,Niger,4.152,,,,,,,
2012,137,Sri Lanka,4.151,,,,,,,
2012,138,Gabon,4.114,,,,,,,
2012,139,Malawi,4.113,,,,,,,
2012,140,Cambodia,4.067,,,,,,,
2012,141,Chad,4.056,,,,,,,
2012,142,Yemen,4.054,,,,,,,
2012,143,Afghanistan,4.04,,,,,,,
2012,144,Bulgaria,3.981,,,,,,,
2012,145,Botswana,3.97,,,,,,,
2012,146,Madagascar,3.966,,,,,,,
2012,147,Senegal,3.959,,,,,,,
2012,148,Syria,3.892,,,,,,,
2012,149,Comoros,3.851,,,,,,,
2012,150,Guinea,3.847,,,,,,,
2012,151,Tanzania,3.77,,,,,,,
2012,152,Rwanda,3.715,,,,,,,
2012,153,Burundi,3.706,,,,,,,
2012,154,Central African Republic,3.623,,,,,,,
2012,155,Benin,3.528,,,,,,,
2012,156,Togo,2.936,,,,,,,
2011,1,Denmark,7.856,,,,,,,
2011,2,Finland,7.579,,,,,,,
2011,3,Norway,7.524,,,,,,,
2011,4,Netherlands,7.512,,,,,,,
2011,5,Canada,7.499,,,,,,,
2011,6,Switzerland,7.499,,,,,,,
2011,7,Sweden,7.379,,,,,,,
2011,8,New Zealand,7.372,,,,,,,
2011,9,Australia,7.345,,,,,,,
2011,10,Ireland,7.284,,,,,,,
2011,11,United States,7.27,,,,,,,
2011,12,Costa Rica,7.251,,,,,,,
2011,13,Austria,7.227,,,,,,,
2011,14,Israel,7.199,,,,,,,
2011,15,Belgium,7.113,,,,,,,
2011,16,Luxembourg,7.051,,,,,,,
2011,17,United Arab Emirates,6.977,,,,,,,
2011,18,United Kingdom,6.936,,,,,,,
2011,19,Venezuela,6.922,,,,,,,
2011,20,Iceland,6.888,,,,,,,
2011,21,Panama,6.863,,,,,,,
2011,22,Spain,6.761,,,,,,,
2011,23,France,6.746,,,,,,,
2011,24,Mexico,6.74,,,,,,,
2011,25,Brazil,6.697,,,,,,,
2011,26,Saudi Arabia,6.597,,,,,,,
2011,27,Puerto Rico,6.593,,,,,,,
2011,28,Italy,6.578,,,,,,,
2011,29,Kuwait,6.574,,,,,,,
2011,30,Germany,6.572,,,,,,,
2011,31,Qatar,6.569,,,,,,,
2011,32,Turkmenistan,6.568,,,,,,,
2011,33,Singapore,6.549,,,,,,,
2011,34,Belize,6.451,,,,,,,
2011,35,Cyprus,6.416,,,,,,,
2011,36,Czechia,6.36,,,,,,,
2011,37,Guatemala,6.277,,,,,,,
2011,38,Trinidad and Tobago,6.263,,,,,,,
2011,39,Argentina,6.242,,,,,,,
2011,40,Jamaica,6.208,,,,,,,
2011,41,Colombia,6.202,,,,,,,
2011,42,Greece,6.133,,,,,,,
2011,43,Chile,6.128,,,,,,,
2011,44,Japan,6.059,,,,,,,
2011,45,Guyana,5.993,,,,,,,
2011,46,Taiwan Province of China,5.988,,,,,,,
2011,47,Malta,5.96,,,,,,,
2011,48,El Salvador,5.956,,,,,,,
2011,49,Slovenia,5.922,,,,,,,
2011,50,Uruguay,5.898,,,,,,,
2011,51,Malaysia,5.823,,,,,,,
2011,52,Thailand,5.804,,,,,,,
2011,53,Poland,5.803,,,,,,,
2011,54,Jordan,5.706,,,,,,,
2011,55,Slovakia,5.657,,,,,,,
2011,56,Republic of Korea,5.643,,,,,,,
2011,57,Bolivia,5.633,,,,,,,
2011,58,Croatia,5.623,,,,,,,
2011,59,Kazakhstan,5.594,,,,,,,
2011,60,Lithuania,5.588,,,,,,,
2011,61,Bahrain,5.568,,,,,,,
2011,62,Belarus,5.566,,,,,,,
2011,63,Honduras,5.564,,,,,,,
2011,64,Mauritius,5.477,,,,,,,
2011,65,Viet Nam,5.425,,,,,,,
2011,66,Ecuador,5.425,,,,,,,
2011,67,Hong Kong SAR of China,5.424,,,,,,,
2011,68,Kosovo,5.42,,,,,,,
2011,69,Cuba,5.418,,,,,,,
2011,70,Paraguay,5.398,,,,,,,
2011,71,Algeria,5.368,,,,,,,
2011,72,Estonia,5.33,,,,,,,
2011,73,Portugal,5.327,,,,,,,
2011,74,Myanmar,5.322,,,,,,,
2011,75,Republic of Moldova,5.305,,,,,,,
2011,76,Russian Federation,5.284,,,,,,,
2011,77,Peru,5.258,,,,,,,
2011,78,Türkiye,5.234,,,,,,,
2011,79,Uzbekistan,5.225,,,,,,,
2011,80,Romania,5.178,,,,,,,
2011,81,Libya,5.178,,,,,,,
2011,82,Lao PDR,5.161,,,,,,,
2011,83,Indonesia,5.159,,,,,,,
2011,84,Iran,5.149,,,,,,,
2011,85,Pakistan,5.149,,,,,,,
2011,86,Montenegro,5.147,,,,,,,
2011,87,Tunisia,5.141,,,,,,,
2011,88,Albania,5.134,,,,,,,
2011,89,Nicaragua,5.115,,,,,,,
2011,90,South Africa,5.101,,,,,,,
2011,91,Ukraine,5.089,,,,,,,
2011,92,Lebanon,5.049,,,,,,,
2011,93,Dominican Republic,5.036,,,,,,,
2011,94,India,4.975,,,,,,,
2011,95,Djibouti,4.957,,,,,,,
2011,96,Hungary,4.943,,,,,,,
2011,97,Namibia,4.886,,,,,,,
2011,98,Iraq,4.882,,,,,,,
2011,99,Bosnia and Herzegovina,4.857,,,,,,,
2011,100,Nigeria,4.856,,,,,,,
2011,101,Egypt,4.853,,,,,,,
2011,102,Kyrgyzstan,4.828,,,,,,,
2011,103,Philippines,4.825,,,,,,,
2011,104,Bangladesh,4.807,,,,,,,
2011,105,Morocco,4.793,,,,,,,
2011,106,Latvia,4.762,,,,,,,
2011,107,Syria,4.735,,,,,,,
2011,108,Ghana,4.705,,,,,,,
2011,109,Zambia,4.705,,,,,,,
2011,110,Mozambique,4.693,,,,,,,
2011,111,Somaliland Region,4.691,,,,,,,
2011,112,China,4.68,,,,,,,
2011,113,Mauritania,4.643,,,,,,,
2011,114,Malawi,4.624,,,,,,,
2011,115,Tajikistan,4.614,,,,,,,
2011,116,Azerbaijan,4.582,,,,,,,
2011,117,Botswana,4.581,,,,,,,
2011,118,Serbia,4.564,,,,,,,
2011,119,Mongolia,4.562,,,,,,,
2011,120,State of Palestine,4.555,,,,,,,
2011,121,Nepal,4.474,,,,,,,
2011,122,Armenia,4.474,,,,,,,
2011,123,Yemen,4.454,,,,,,,
2011,124,Sudan,4.424,,,,,,,
2011,125,Senegal,4.414,,,,,,,
2011,126,Cameroon,4.376,,,,,,,
2011,127,North Macedonia,4.369,,,,,,,
2011,128,Uganda,4.313,,,,,,,
2011,129,Madagascar,4.309,,,,,,,
2011,130,Sri Lanka,4.26,,,,,,,
2011,131,Afghanistan,4.258,,,,,,,
2011,132,Rwanda,4.204,,,,,,,
2011,133,Côte d’Ivoire,4.197,,,,,,,
2011,134,Kenya,4.18,,,,,,,
2011,135,Angola,4.178,,,,,,,
2011,136,Guinea,4.171,,,,,,,
2011,137,Niger,4.122,,,,,,,
2011,138,Cambodia,4.101,,,,,,,
2011,139,Ethiopia,4.064,,,,,,,
2011,140,Liberia,4.04,,,,,,,
2011,141,DR Congo,3.984,,,,,,,
2011,142,Zimbabwe,3.978,,,,,,,
2011,143,Mali,3.967,,,,,,,
2011,144,Burkina Faso,3.926,,,,,,,
2011,145,Chad,3.919,,,,,,,
2011,146,Georgia,3.892,,,,,,,
2011,147,Bulgaria,3.889,,,,,,,
2011,148,Congo,3.82,,,,,,,
2011,149,Tanzania,3.8,,,,,,,
2011,150,Haiti,3.789,,,,,,,
2011,151,Comoros,3.7,,,,,,,
2011,152,Burundi,3.678,,,,,,,
2011,153,Sierra Leone,3.586,,,,,,,
2011,154,Central African Republic,3.568,,,,,,,
2011,155,Benin,3.493,,,,,,,
2011,156,Togo,3.007,,,,,,,
